,orig,pred
2018-03-06 09:00:00,2371.68,2442.5599411196745
2018-03-06 10:00:00,2643.84,2619.108152337259
2018-03-06 11:00:00,3246.48,2639.7839878044306
2018-03-06 12:00:00,2559.6,2956.30446424864
2018-03-06 13:00:00,2624.4,2801.306420320453
2018-03-06 14:00:00,2656.8,2625.252127027566
2018-03-06 15:00:00,3233.52,2726.249654230819
2018-03-06 16:00:00,2358.72,2931.748799378537
2018-03-06 17:00:00,810.0,1637.635219239948
2018-03-06 18:00:00,1620.0,1426.4302383467746
2018-03-06 19:00:00,2967.84,2380.5825302907506
2018-03-06 20:00:00,2948.4,2791.9982496830603
2018-03-06 21:00:00,2326.32,2773.6364805973144
2018-03-06 22:00:00,2592.0,2585.0053424937287
2018-03-06 23:00:00,3058.56,2649.6418050107977
2018-03-07 00:00:00,2663.28,2723.7482040670748
2018-03-07 01:00:00,3194.64,2763.3443371590247
2018-03-07 02:00:00,2611.44,2868.1235384417164
2018-03-07 03:00:00,2598.48,2387.83602787962
2018-03-07 04:00:00,1885.68,2690.536032453916
2018-03-07 05:00:00,751.68,1648.3244719499128
2018-03-07 06:00:00,2209.68,1303.4083093209968
2018-03-07 07:00:00,2708.64,2404.5209931223962
2018-03-07 08:00:00,3609.36,2656.685597585718
2018-03-07 09:00:00,2592.0,3147.685042960401
2018-03-07 10:00:00,2436.48,2739.0172011739037
2018-03-07 11:00:00,2935.44,2647.7444780314013
2018-03-07 12:00:00,2721.6,2754.856713173181
2018-03-07 13:00:00,2514.24,2747.0159266557052
2018-03-07 14:00:00,2695.68,2583.7847690471126
2018-03-07 15:00:00,2242.08,2761.7497718349628
2018-03-07 16:00:00,2423.52,2227.5964005626274
2018-03-07 17:00:00,797.04,1601.7583437123399
2018-03-07 18:00:00,2319.84,1388.0853215107056
2018-03-07 19:00:00,2656.8,2713.0086414889524
2018-03-07 20:00:00,2916.0,2619.091467875594
2018-03-07 21:00:00,3175.2,2675.6066962989025
2018-03-07 22:00:00,2514.24,3113.391742582198
2018-03-07 23:00:00,2754.0,2728.1058462558503
2018-03-08 00:00:00,3039.12,2573.2531074212275
2018-03-08 01:00:00,2630.88,3074.5492305621237
2018-03-08 02:00:00,2507.76,2563.09358717817
2018-03-08 03:00:00,3291.84,2419.68137724211
2018-03-08 04:00:00,2151.36,2912.3922305911524
2018-03-08 05:00:00,790.56,1722.5837946252564
2018-03-08 06:00:00,2021.76,1575.353752589138
2018-03-08 07:00:00,3427.92,2413.724833560376
2018-03-08 08:00:00,3427.92,3280.458726051576
2018-03-08 09:00:00,3168.72,3069.831648784651
2018-03-08 10:00:00,2896.56,3075.7922264113304
2018-03-08 11:00:00,3194.64,2992.7228404763628
2018-03-08 12:00:00,2209.68,3079.052865535818
2018-03-08 13:00:00,3052.08,2527.564423738643
2018-03-08 14:00:00,2831.76,2942.7445919698243
2018-03-08 15:00:00,2501.28,2788.3450406954225
2018-03-08 16:00:00,2118.96,2544.404434932235
2018-03-08 17:00:00,829.44,1503.3878081710795
2018-03-08 18:00:00,2404.08,1532.6486335412583
2018-03-08 19:00:00,2941.92,2690.760613860631
2018-03-08 20:00:00,3434.4,2829.371008985227
2018-03-08 21:00:00,3265.92,3156.932031891878
2018-03-08 22:00:00,2993.76,3186.4641727393932
2018-03-08 23:00:00,3486.24,3050.7967015689405
2018-03-09 00:00:00,3447.36,3198.060887041608
2018-03-09 01:00:00,3635.28,3382.6362062516464
2018-03-09 02:00:00,3583.44,3362.6666603200592
2018-03-09 03:00:00,1665.36,3415.9621385581468
2018-03-09 04:00:00,1127.52,2199.655412408162
2018-03-09 05:00:00,803.52,1078.768879543755
2018-03-09 06:00:00,771.12,1426.4415241262077
2018-03-09 07:00:00,848.88,1678.2370846209938
2018-03-09 08:00:00,842.4,1422.5293263333288
2018-03-09 09:00:00,725.76,1120.1933145886846
2018-03-09 10:00:00,641.52,970.048580556469
2018-03-09 11:00:00,641.52,876.020008522841
2018-03-09 12:00:00,544.32,641.3453117364436
2018-03-09 13:00:00,622.08,765.8377543845396
2018-03-09 14:00:00,589.68,650.5959771782548
2018-03-09 15:00:00,589.68,598.992262001872
2018-03-09 16:00:00,544.32,459.569455499738
2018-03-09 17:00:00,531.36,0.0
2018-03-09 18:00:00,544.32,602.5845513741119
2018-03-09 19:00:00,518.4,1030.8824048445201
2018-03-09 20:00:00,563.76,789.5482971414663
2018-03-09 21:00:00,583.2,660.2626911969443
2018-03-09 22:00:00,473.04,755.3885383607187
2018-03-09 23:00:00,434.16,660.2333944669601
2018-03-10 00:00:00,492.48,391.6836493994277
2018-03-10 01:00:00,447.12,650.8569457664385
2018-03-10 02:00:00,486.0,406.31006752621977
2018-03-10 03:00:00,369.36,77.65885695489419
2018-03-10 04:00:00,233.28,216.08617151926813
2018-03-10 05:00:00,116.64,0.0
2018-03-10 06:00:00,123.12,91.50929133502385
2018-03-10 07:00:00,110.16,440.68015706671747
2018-03-10 08:00:00,110.16,363.54519989899734
2018-03-10 09:00:00,103.68,183.27653973762244
2018-03-10 10:00:00,110.16,182.33394080024257
2018-03-10 11:00:00,110.16,147.95318039601608
2018-03-10 12:00:00,110.16,103.0568337161795
2018-03-10 13:00:00,110.16,152.82492080369988
2018-03-10 14:00:00,110.16,100.611533465572
2018-03-10 15:00:00,110.16,116.74597925387914
2018-03-10 16:00:00,97.2,9.901275027324068
2018-03-10 17:00:00,110.16,0.0
2018-03-10 18:00:00,103.68,27.420986804118968
2018-03-10 19:00:00,116.64,476.99184066996736
2018-03-10 20:00:00,103.68,257.9565482566118
2018-03-10 21:00:00,116.64,176.00569051344476
2018-03-10 22:00:00,116.64,287.8703243013314
2018-03-10 23:00:00,110.16,183.42467100662333
2018-03-11 00:00:00,116.64,6.3516318645041
2018-03-11 01:00:00,116.64,217.5268217474543
2018-03-11 02:00:00,,40.17686465500937
2018-03-11 03:00:00,116.64,0.0
2018-03-11 04:00:00,116.64,57.817540138452046
2018-03-11 05:00:00,116.64,0.0
2018-03-11 06:00:00,116.64,61.0953696454166
2018-03-11 07:00:00,116.64,401.16283189066496
2018-03-11 08:00:00,110.16,346.2272097266176
2018-03-11 09:00:00,110.16,183.87875538960455
2018-03-11 10:00:00,110.16,194.24352723873585
2018-03-11 11:00:00,110.16,150.71697385134135
2018-03-11 12:00:00,103.68,117.88623923776922
2018-03-11 13:00:00,110.16,144.90427261002623
2018-03-11 14:00:00,103.68,104.52887888098171
2018-03-11 15:00:00,103.68,114.19843007374777
2018-03-11 16:00:00,103.68,10.71629911752676
2018-03-11 17:00:00,103.68,0.0
2018-03-11 18:00:00,103.68,24.011516115475658
2018-03-11 19:00:00,136.08,481.0679608839089
2018-03-11 20:00:00,1004.4,263.6838364207045
2018-03-11 21:00:00,589.68,722.8590060465034
2018-03-11 22:00:00,1218.24,698.7508433462431
2018-03-11 23:00:00,609.12,995.4143224941349
2018-03-12 00:00:00,706.32,534.3218912859306
2018-03-12 01:00:00,1270.08,799.0472145614968
2018-03-12 02:00:00,933.12,967.1380991990818
2018-03-12 03:00:00,1464.48,734.5790681276532
2018-03-12 04:00:00,1801.44,1199.0214063339808
2018-03-12 05:00:00,1626.48,996.2248350351827
2018-03-12 06:00:00,1477.44,1449.1791037463674
2018-03-12 07:00:00,1406.16,1737.1732589112034
2018-03-12 08:00:00,2592.0,1645.3347332924345
2018-03-12 09:00:00,3317.76,2205.736812389422
2018-03-12 10:00:00,3078.0,2798.013261306705
2018-03-12 11:00:00,3220.56,2795.964665063837
2018-03-12 12:00:00,3363.12,2948.7082200382893
2018-03-12 13:00:00,2721.6,3153.761315555928
2018-03-12 14:00:00,3304.8,2796.2754714250127
2018-03-12 15:00:00,2766.96,3139.4963210740816
2018-03-12 16:00:00,2883.6,2765.7630650392302
2018-03-12 17:00:00,1399.68,2268.0752344598986
2018-03-12 18:00:00,1179.36,1914.6962788185535
2018-03-12 19:00:00,1302.48,2054.9397614237937
2018-03-12 20:00:00,2579.04,1857.211328114964
2018-03-12 21:00:00,3512.16,2339.08104582645
2018-03-12 22:00:00,3317.76,3222.4749662279573
2018-03-12 23:00:00,3285.36,3036.01339654908
2018-03-13 00:00:00,3116.88,2980.546716441696
2018-03-13 01:00:00,3311.28,3226.967175345297
2018-03-13 02:00:00,3214.08,3090.6713465618946
2018-03-13 03:00:00,3110.4,3072.760304913929
2018-03-13 04:00:00,2786.4,3155.0259714221233
2018-03-13 05:00:00,719.28,2419.1833975714253
2018-03-13 06:00:00,1574.64,1573.184110272496
2018-03-13 07:00:00,2903.04,2147.5488309571847
2018-03-13 08:00:00,3090.96,2972.8658510347013
2018-03-13 09:00:00,3065.04,3029.8626649073835
2018-03-13 10:00:00,1807.92,3003.238803555774
2018-03-13 11:00:00,2954.88,2270.567852172418
2018-03-13 12:00:00,3518.64,2817.4713894238216
2018-03-13 13:00:00,3181.68,3143.1109989267225
2018-03-13 14:00:00,3382.56,3127.885276064844
2018-03-13 15:00:00,2967.84,3182.1618288277878
2018-03-13 16:00:00,3298.32,2931.819316552226
2018-03-13 17:00:00,2410.56,2371.4666892960104
2018-03-13 18:00:00,1730.16,2505.302861384688
2018-03-13 19:00:00,3252.96,2515.8955610605835
2018-03-13 20:00:00,2695.68,3250.508469409159
2018-03-13 21:00:00,2954.88,2954.7150098432235
2018-03-13 22:00:00,2870.64,3110.61957935245
2018-03-13 23:00:00,3395.52,2962.2303023205664
2018-03-14 00:00:00,2546.64,3071.977724761829
2018-03-14 01:00:00,2773.44,2872.6406444638346
2018-03-14 02:00:00,3291.84,2735.55985971675
2018-03-14 03:00:00,3369.6,2941.764707224141
2018-03-14 04:00:00,2268.0,3135.3366399207057
2018-03-14 05:00:00,816.48,1785.2329530538827
2018-03-14 06:00:00,2144.88,1559.5055080224058
2018-03-14 07:00:00,2870.64,2603.016961822622
2018-03-14 08:00:00,2818.8,2909.949565239726
2018-03-14 09:00:00,3402.0,2770.735653296366
2018-03-14 10:00:00,3395.52,3001.437480842196
2018-03-14 11:00:00,2397.6,3310.5676195382366
2018-03-14 12:00:00,2961.36,2740.8859143332975
2018-03-14 13:00:00,3052.08,2939.935025856857
2018-03-14 14:00:00,2462.4,3013.3521101368306
2018-03-14 15:00:00,2734.56,2612.727968514634
2018-03-14 16:00:00,3006.72,2696.1608987831373
2018-03-14 17:00:00,784.08,2170.577818628723
2018-03-14 18:00:00,1613.52,1378.8258488070583
2018-03-14 19:00:00,2436.48,2358.5985438762364
2018-03-14 20:00:00,3311.28,2380.49627791116
2018-03-14 21:00:00,3434.4,2955.6013419188803
2018-03-14 22:00:00,2637.36,3259.1982133680126
2018-03-14 23:00:00,3175.2,2851.33898963475
2018-03-15 00:00:00,3330.72,2816.7925240568393
2018-03-15 01:00:00,2702.16,3270.188257731985
2018-03-15 02:00:00,3259.44,2815.06462982345
2018-03-15 03:00:00,2695.68,2998.1134363130454
2018-03-15 04:00:00,2993.76,2661.107061613545
2018-03-15 05:00:00,751.68,2209.8478214857587
2018-03-15 06:00:00,1756.08,1639.4118333033234
2018-03-15 07:00:00,2455.92,2342.9040768115888
2018-03-15 08:00:00,2630.88,2585.4445834248736
2018-03-15 09:00:00,3071.52,2648.0857588844356
2018-03-15 10:00:00,3382.56,2912.7650745697333
2018-03-15 11:00:00,2669.76,3004.2080803045665
2018-03-15 12:00:00,3518.64,2785.5521382626202
2018-03-15 13:00:00,3311.28,3284.3867931504683
2018-03-15 14:00:00,3363.12,3119.5069237330213
2018-03-15 15:00:00,2682.72,3279.1334150045855
2018-03-15 16:00:00,2475.36,2822.5464583654475
2018-03-15 17:00:00,1004.4,1771.6252472226524
2018-03-15 18:00:00,2643.84,1650.861882726851
2018-03-15 19:00:00,3628.8,2954.807411039295
2018-03-15 20:00:00,3615.84,3428.5290510809455
2018-03-15 21:00:00,3330.72,3434.3091026045454
2018-03-15 22:00:00,3252.96,3344.3155517163295
2018-03-15 23:00:00,3687.12,3347.1506741201133
2018-03-16 00:00:00,3291.84,3419.5101456481148
2018-03-16 01:00:00,3518.64,3355.019638671054
2018-03-16 02:00:00,1846.8,3422.6691532554237
2018-03-16 03:00:00,1257.12,2228.27675151461
2018-03-16 04:00:00,926.64,1888.138026870863
2018-03-16 05:00:00,745.2,684.4471127745612
2018-03-16 06:00:00,738.72,1190.135967865108
2018-03-16 07:00:00,829.44,1426.013245154922
2018-03-16 08:00:00,764.64,1298.2972743817045
2018-03-16 09:00:00,771.12,1083.940824741679
2018-03-16 10:00:00,609.12,1039.497340010257
2018-03-16 11:00:00,596.16,734.4096533195532
2018-03-16 12:00:00,531.36,814.61109586512
2018-03-16 13:00:00,576.72,674.6483625279507
2018-03-16 14:00:00,576.72,643.4843320338546
2018-03-16 15:00:00,576.72,538.3779145558088
2018-03-16 16:00:00,524.88,455.380925476868
2018-03-16 17:00:00,460.08,0.0
2018-03-16 18:00:00,479.52,550.2184628287837
2018-03-16 19:00:00,447.12,1031.7626172985565
2018-03-16 20:00:00,486.0,688.6212273350407
2018-03-16 21:00:00,473.04,569.5318240729616
2018-03-16 22:00:00,460.08,673.6210046773365
2018-03-16 23:00:00,421.2,617.3858070955755
2018-03-17 00:00:00,473.04,313.1779962634956
2018-03-17 01:00:00,401.76,606.092977470202
2018-03-17 02:00:00,388.8,138.1230417576703
2018-03-17 03:00:00,220.32,87.73379300362416
2018-03-17 04:00:00,116.64,131.79108207880614
2018-03-17 05:00:00,116.64,0.0
2018-03-17 06:00:00,116.64,76.0825468073077
2018-03-17 07:00:00,116.64,424.5707216778794
2018-03-17 08:00:00,123.12,351.0307561112765
2018-03-17 09:00:00,110.16,204.88013027933553
2018-03-17 10:00:00,110.16,176.11289135926722
2018-03-17 11:00:00,116.64,143.3825347083587
2018-03-17 12:00:00,110.16,115.34365836909372
2018-03-17 13:00:00,103.68,148.30165950358298
2018-03-17 14:00:00,103.68,101.41993651099185
2018-03-17 15:00:00,103.68,109.65214325574065
2018-03-17 16:00:00,97.2,6.8578158617050775
2018-03-17 17:00:00,103.68,0.0
2018-03-17 18:00:00,97.2,19.920386215591947
2018-03-17 19:00:00,103.68,467.30501723318764
2018-03-17 20:00:00,103.68,251.5803274581433
2018-03-17 21:00:00,110.16,171.8050507545476
2018-03-17 22:00:00,103.68,289.83313457515766
2018-03-17 23:00:00,110.16,178.95227775926023
2018-03-18 00:00:00,103.68,6.15488946609679
2018-03-18 01:00:00,110.16,204.52008503531198
2018-03-18 02:00:00,110.16,25.37218930839586
2018-03-18 03:00:00,110.16,0.0
2018-03-18 04:00:00,110.16,43.52016456934604
2018-03-18 05:00:00,116.64,0.0
2018-03-18 06:00:00,110.16,60.112251822562335
2018-03-18 07:00:00,110.16,396.29057040416814
2018-03-18 08:00:00,110.16,342.40192100817205
2018-03-18 09:00:00,110.16,187.8230067435935
2018-03-18 10:00:00,110.16,190.30743660329694
2018-03-18 11:00:00,103.68,149.44642738547643
2018-03-18 12:00:00,103.68,118.62619667112305
2018-03-18 13:00:00,110.16,141.23772525873056
2018-03-18 14:00:00,97.2,104.55437928067681
2018-03-18 15:00:00,103.68,105.92477273683949
2018-03-18 16:00:00,103.68,12.503488782748946
2018-03-18 17:00:00,97.2,0.0
2018-03-18 18:00:00,103.68,18.61816010133944
2018-03-18 19:00:00,142.56,477.0458618501771
2018-03-18 20:00:00,1004.4,273.6795798621571
2018-03-18 21:00:00,524.88,726.798325832712
2018-03-18 22:00:00,1198.8,656.1958331093098
2018-03-18 23:00:00,641.52,979.467988776719
2018-03-19 00:00:00,583.2,546.3840961882089
2018-03-19 01:00:00,939.6,722.5275507947291
2018-03-19 02:00:00,1535.76,743.1598019048387
2018-03-19 03:00:00,654.48,1054.3081126590491
2018-03-19 04:00:00,2196.72,741.0362200909775
2018-03-19 05:00:00,2177.28,1157.1040487982673
2018-03-19 06:00:00,1535.76,1782.5480523173528
2018-03-19 07:00:00,2598.48,1836.8277917062342
2018-03-19 08:00:00,3518.64,2422.8461198847644
2018-03-19 09:00:00,3214.08,2955.575606045566
2018-03-19 10:00:00,3382.56,2970.675529504113
2018-03-19 11:00:00,2818.8,3130.5588951785912
2018-03-19 12:00:00,984.96,2852.7714300232997
2018-03-19 13:00:00,810.0,1757.0124739912521
2018-03-19 14:00:00,881.28,1380.748671736346
2018-03-19 15:00:00,1574.64,1256.367568728766
2018-03-19 16:00:00,2650.32,1467.7299640378437
2018-03-19 17:00:00,1600.56,1579.6375371734694
2018-03-19 18:00:00,1665.36,1633.3881882596022
2018-03-19 19:00:00,3583.44,2095.250227307692
2018-03-19 20:00:00,3227.04,3131.2824461052633
2018-03-19 21:00:00,3291.84,2924.6544462785337
2018-03-19 22:00:00,3337.2,3303.3334302350395
2018-03-19 23:00:00,3395.52,3178.525187190303
2018-03-20 00:00:00,3343.68,3116.7919985153494
2018-03-20 01:00:00,3440.88,3402.4470595624607
2018-03-20 02:00:00,3687.12,3357.4851136034113
2018-03-20 03:00:00,3486.24,3278.4645899135307
2018-03-20 04:00:00,2643.84,3599.4743423809455
2018-03-20 05:00:00,2734.56,2494.910755989235
2018-03-20 06:00:00,2514.24,2825.9637375386474
2018-03-20 07:00:00,2501.28,3153.7456113609887
2018-03-20 08:00:00,3265.92,3063.0886903101937
2018-03-20 09:00:00,2760.48,3195.3299499321847
2018-03-20 10:00:00,2566.08,2971.006503352053
2018-03-20 11:00:00,2870.64,2688.0457846537633
2018-03-20 12:00:00,2987.28,2596.7933711864243
2018-03-20 13:00:00,2572.56,2830.2201846347425
2018-03-20 14:00:00,2248.56,2614.474788215586
2018-03-20 15:00:00,1704.24,2502.9705313807945
2018-03-20 16:00:00,3013.2,2117.822932598746
2018-03-20 17:00:00,2268.0,2028.068268135903
2018-03-20 18:00:00,1749.6,2289.070603978596
2018-03-20 19:00:00,2844.72,2650.491952710626
2018-03-20 20:00:00,3486.24,2803.5451701839884
2018-03-20 21:00:00,3512.16,3196.4951394202144
2018-03-20 22:00:00,3732.48,3442.7094474885102
2018-03-20 23:00:00,3207.6,3555.665464310967
2018-03-21 00:00:00,3479.76,3122.2314514230634
2018-03-21 01:00:00,3564.0,3510.0691367912186
2018-03-21 02:00:00,3693.6,3431.0910699765254
2018-03-21 03:00:00,3434.4,3399.890421347403
2018-03-21 04:00:00,1944.0,3305.33915917095
2018-03-21 05:00:00,1963.44,1993.2494809558448
2018-03-21 06:00:00,2280.96,2269.33487124532
2018-03-21 07:00:00,3576.96,2697.715526264249
2018-03-21 08:00:00,2890.08,3494.9080502038855
2018-03-21 09:00:00,3058.56,2922.4307501412086
2018-03-21 10:00:00,3116.88,3035.3270562668986
2018-03-21 11:00:00,2494.8,3108.3788065966182
2018-03-21 12:00:00,3356.64,2718.4570710421167
2018-03-21 13:00:00,2514.24,3140.6838912326493
2018-03-21 14:00:00,2682.72,2640.0968458070824
2018-03-21 15:00:00,3395.52,2652.393221817716
2018-03-21 16:00:00,2391.12,3202.9684139175793
2018-03-21 17:00:00,797.04,1925.3260114220948
2018-03-21 18:00:00,1613.52,1418.9500708653309
2018-03-21 19:00:00,3356.64,2321.606053805553
2018-03-21 20:00:00,3466.8,3093.5267917932997
2018-03-21 21:00:00,3505.68,3187.5518877827963
2018-03-21 22:00:00,3188.16,3463.2099995666317
2018-03-21 23:00:00,3570.48,3155.6193348405536
2018-03-22 00:00:00,3246.48,3296.1423904874287
2018-03-22 01:00:00,3181.68,3365.2648391184666
2018-03-22 02:00:00,2792.88,3154.259468517353
2018-03-22 03:00:00,1244.16,2771.969811575617
2018-03-22 04:00:00,1069.2,1722.1760617038276
2018-03-22 05:00:00,758.16,1040.3028063593067
2018-03-22 06:00:00,745.2,1213.6172241286376
2018-03-22 07:00:00,810.0,1549.2070589094794
2018-03-22 08:00:00,829.44,1232.130739282064
2018-03-22 09:00:00,855.36,1080.341986840687
2018-03-22 10:00:00,887.76,1045.8346741108396
2018-03-22 11:00:00,816.48,902.8067594725613
2018-03-22 12:00:00,699.84,978.2185632611662
2018-03-22 13:00:00,732.24,736.1671328129277
2018-03-22 14:00:00,648.0,772.1416219300037
2018-03-22 15:00:00,602.64,806.1714512168294
2018-03-22 16:00:00,563.76,479.36867952023647
2018-03-22 17:00:00,537.84,0.0
2018-03-22 18:00:00,609.12,511.98618532102637
2018-03-22 19:00:00,550.8,1198.2705519761578
2018-03-22 20:00:00,609.12,816.1983379144768
2018-03-22 21:00:00,557.28,738.0235880480416
2018-03-22 22:00:00,563.76,759.3252658647915
2018-03-22 23:00:00,505.44,715.5437737182319
2018-03-23 00:00:00,544.32,416.10594414628946
2018-03-23 01:00:00,518.4,651.7011404453556
2018-03-23 02:00:00,518.4,404.6195068133909
2018-03-23 03:00:00,486.0,131.47878820827077
2018-03-23 04:00:00,453.6,341.24113470198415
2018-03-23 05:00:00,427.68,0.0
2018-03-23 06:00:00,479.52,338.6197930558033
2018-03-23 07:00:00,537.84,731.3843012088304
2018-03-23 08:00:00,557.28,722.971536552308
2018-03-23 09:00:00,550.8,598.1319306688017
2018-03-23 10:00:00,576.72,611.096737395282
2018-03-23 11:00:00,518.4,578.0856920834142
2018-03-23 12:00:00,557.28,514.299617806392
2018-03-23 13:00:00,505.44,572.3505511162025
2018-03-23 14:00:00,524.88,495.66960362199256
2018-03-23 15:00:00,486.0,517.6670398458652
2018-03-23 16:00:00,414.72,403.71815408281515
2018-03-23 17:00:00,440.64,0.0
2018-03-23 18:00:00,511.92,379.68765223463026
2018-03-23 19:00:00,414.72,866.3765691509911
2018-03-23 20:00:00,434.16,597.9964853848003
2018-03-23 21:00:00,531.36,511.5676842123459
2018-03-23 22:00:00,498.96,685.3619036144748
2018-03-23 23:00:00,382.32,561.7833693524439
2018-03-24 00:00:00,427.68,320.458696451106
2018-03-24 01:00:00,395.28,541.6459812879964
2018-03-24 02:00:00,395.28,338.96730208685074
2018-03-24 03:00:00,324.0,233.50712981786592
2018-03-24 04:00:00,187.92,308.80372376640616
2018-03-24 05:00:00,142.56,0.0
2018-03-24 06:00:00,110.16,170.75463232327417
2018-03-24 07:00:00,116.64,471.74417178845397
2018-03-24 08:00:00,123.12,398.0546179310048
2018-03-24 09:00:00,110.16,231.5046703567752
2018-03-24 10:00:00,110.16,220.0564370677321
2018-03-24 11:00:00,97.2,157.80521397480575
2018-03-24 12:00:00,110.16,127.51394849786556
2018-03-24 13:00:00,103.68,141.65244593286934
2018-03-24 14:00:00,97.2,104.66049351369522
2018-03-24 15:00:00,103.68,104.20258919544122
2018-03-24 16:00:00,97.2,8.989370339804225
2018-03-24 17:00:00,103.68,0.0
2018-03-24 18:00:00,97.2,30.840062943014658
2018-03-24 19:00:00,103.68,467.1021348325809
2018-03-24 20:00:00,103.68,253.79918358397154
2018-03-24 21:00:00,110.16,187.41713172556908
2018-03-24 22:00:00,103.68,292.5271386085515
2018-03-24 23:00:00,110.16,169.5957329602738
2018-03-25 00:00:00,110.16,5.986761948595671
2018-03-25 01:00:00,103.68,210.89364723288824
2018-03-25 02:00:00,110.16,28.812225168474484
2018-03-25 03:00:00,116.64,0.0
2018-03-25 04:00:00,116.64,44.1568857378994
2018-03-25 05:00:00,116.64,0.0
2018-03-25 06:00:00,116.64,53.49619906234192
2018-03-25 07:00:00,116.64,397.8912011008914
2018-03-25 08:00:00,110.16,345.34866242477017
2018-03-25 09:00:00,110.16,187.10498674484896
2018-03-25 10:00:00,110.16,190.00867802460442
2018-03-25 11:00:00,110.16,144.09793575980174
2018-03-25 12:00:00,110.16,120.79970942948422
2018-03-25 13:00:00,97.2,140.0652163740224
2018-03-25 14:00:00,103.68,94.49134360785506
2018-03-25 15:00:00,97.2,110.0576642136688
2018-03-25 16:00:00,103.68,14.20875153156976
2018-03-25 17:00:00,97.2,0.0
2018-03-25 18:00:00,103.68,18.580523544271443
2018-03-25 19:00:00,110.16,479.90739974681696
2018-03-25 20:00:00,1108.08,258.33656086700665
2018-03-25 21:00:00,492.48,787.5832229344628
2018-03-25 22:00:00,1166.4,646.4322567414308
2018-03-25 23:00:00,537.84,961.001070630483
2018-03-26 00:00:00,557.28,485.24917201021753
2018-03-26 01:00:00,965.52,690.6315724027195
2018-03-26 02:00:00,1386.72,750.6943720378301
2018-03-26 03:00:00,874.8,955.5626598120349
2018-03-26 04:00:00,2682.72,848.5162561167094
2018-03-26 05:00:00,1555.2,1471.2162946554197
2018-03-26 06:00:00,1095.12,1469.55033560645
2018-03-26 07:00:00,1470.96,1538.2886826873707
2018-03-26 08:00:00,2514.24,1662.3591224111092
2018-03-26 09:00:00,3330.72,2155.769843332096
2018-03-26 10:00:00,2216.16,2788.6973898732103
2018-03-26 11:00:00,3350.16,2259.948510864335
2018-03-26 12:00:00,2967.84,2920.2163939070665
2018-03-26 13:00:00,3434.4,2843.09087952386
2018-03-26 14:00:00,3090.96,3138.7025902294154
2018-03-26 15:00:00,3531.6,3030.082974766576
2018-03-26 16:00:00,3129.84,3229.1509583935926
2018-03-26 17:00:00,777.6,2506.2783983368163
2018-03-26 18:00:00,2248.56,1626.7614191204052
2018-03-26 19:00:00,3414.96,2688.734207104146
2018-03-26 20:00:00,3518.64,3286.9711698859674
2018-03-26 21:00:00,3201.12,3234.4777523579933
2018-03-26 22:00:00,3090.96,3379.565046807626
2018-03-26 23:00:00,3525.12,3097.3839954126165
2018-03-27 00:00:00,3512.16,3230.2770057561975
2018-03-27 01:00:00,3713.04,3545.5338670307056
2018-03-27 02:00:00,3667.68,3550.3635318328143
2018-03-27 03:00:00,2533.68,3369.43979971875
2018-03-27 04:00:00,2028.24,3108.088600391412
2018-03-27 05:00:00,2060.64,1916.4475229567015
2018-03-27 06:00:00,1645.92,2261.4103723309026
2018-03-27 07:00:00,3324.24,2337.316226281508
2018-03-27 08:00:00,3278.88,3302.1785199286223
2018-03-27 09:00:00,2928.96,3268.629207202869
2018-03-27 10:00:00,3078.0,2901.98106482932
2018-03-27 11:00:00,3136.32,3179.403316454278
2018-03-27 12:00:00,2812.32,3071.2945266818488
2018-03-27 13:00:00,2818.8,2996.7105120734104
2018-03-27 14:00:00,2818.8,2850.831039299633
2018-03-27 15:00:00,2384.64,2923.8146886831505
2018-03-27 16:00:00,3142.8,2467.4240429685333
2018-03-27 17:00:00,1905.12,2031.5059482946117
2018-03-27 18:00:00,2384.64,2270.7921642834685
2018-03-27 19:00:00,3648.24,2976.41505059641
2018-03-27 20:00:00,3609.36,3422.5155365415994
2018-03-27 21:00:00,3667.68,3387.460563630367
2018-03-27 22:00:00,2903.04,3625.6798681096493
2018-03-27 23:00:00,3499.2,3187.019705086454
2018-03-28 00:00:00,3486.24,3286.3927597933143
2018-03-28 01:00:00,3596.4,3550.127940197414
2018-03-28 02:00:00,3363.12,3437.0802823779195
2018-03-28 03:00:00,3220.56,3074.3976487158398
2018-03-28 04:00:00,2812.32,3130.257317723203
2018-03-28 05:00:00,1529.28,2449.8490318649383
2018-03-28 06:00:00,2028.24,2031.5001006288994
2018-03-28 07:00:00,3525.12,2743.489447894155
2018-03-28 08:00:00,3602.88,3393.885958846105
2018-03-28 09:00:00,3090.96,3356.90092950572
2018-03-28 10:00:00,3220.56,3178.4349946637703
2018-03-28 11:00:00,3188.16,3216.715584355889
2018-03-28 12:00:00,2216.16,3135.2717602592165
2018-03-28 13:00:00,3389.04,2600.416302482756
2018-03-28 14:00:00,3440.88,3164.8057289960984
2018-03-28 15:00:00,3589.92,3218.1231084155042
2018-03-28 16:00:00,2773.44,3407.924651494121
2018-03-28 17:00:00,784.08,2196.9204045856677
2018-03-28 18:00:00,2760.48,1640.4029176738536
2018-03-28 19:00:00,2987.28,3157.094798966419
2018-03-28 20:00:00,3078.0,3010.3268169440626
2018-03-28 21:00:00,3473.28,3032.64986035175
2018-03-28 22:00:00,3298.32,3316.992487851531
2018-03-28 23:00:00,3142.8,3321.4957649463868
2018-03-29 00:00:00,3285.36,3038.5617387876546
2018-03-29 01:00:00,3421.44,3350.9264639587914
2018-03-29 02:00:00,3389.04,3231.5646980154197
2018-03-29 03:00:00,1561.68,3139.0200358207767
2018-03-29 04:00:00,1108.08,2132.0970110027924
2018-03-29 05:00:00,771.12,1040.345590947982
2018-03-29 06:00:00,751.68,1279.5666592040845
2018-03-29 07:00:00,842.4,1617.434634150864
2018-03-29 08:00:00,855.36,1389.4793374274234
2018-03-29 09:00:00,822.96,1075.8176286212783
2018-03-29 10:00:00,829.44,1048.8438519329973
2018-03-29 11:00:00,764.64,958.150633917612
2018-03-29 12:00:00,589.68,731.3280202227618
2018-03-29 13:00:00,628.56,858.237206792141
2018-03-29 14:00:00,609.12,729.7871573122186
2018-03-29 15:00:00,622.08,714.5292404344781
2018-03-29 16:00:00,557.28,486.90046720504733
2018-03-29 17:00:00,550.8,0.0
2018-03-29 18:00:00,557.28,652.767736571483
2018-03-29 19:00:00,511.92,1007.8495589946237
2018-03-29 20:00:00,544.32,737.4760887861203
2018-03-29 21:00:00,537.84,702.2980343623094
2018-03-29 22:00:00,524.88,743.1703022714926
2018-03-29 23:00:00,473.04,611.4538960275676
2018-03-30 00:00:00,511.92,423.07953458768145
2018-03-30 01:00:00,473.04,652.6653304360916
2018-03-30 02:00:00,479.52,429.58412753583184
2018-03-30 03:00:00,375.84,80.08988974402268
2018-03-30 04:00:00,239.76,226.7607622358546
2018-03-30 05:00:00,162.0,0.0
2018-03-30 06:00:00,162.0,121.11422790942945
2018-03-30 07:00:00,77.76,474.46436090475675
2018-03-30 08:00:00,0.0,358.0928198163042
2018-03-30 09:00:00,0.0,137.95111958462775
2018-03-30 10:00:00,0.0,120.97482978681616
2018-03-30 11:00:00,0.0,59.23157687452971
2018-03-30 12:00:00,0.0,0.0
2018-03-30 13:00:00,0.0,41.38601150329283
2018-03-30 14:00:00,0.0,0.0
2018-03-30 15:00:00,0.0,9.154430793171684
2018-03-30 16:00:00,0.0,0.0
2018-03-30 17:00:00,0.0,0.0
2018-03-30 18:00:00,0.0,0.0
2018-03-30 19:00:00,0.0,370.8728849090441
2018-03-30 20:00:00,0.0,156.1807656519726
2018-03-30 21:00:00,0.0,72.0269968376832
2018-03-30 22:00:00,0.0,180.22491079811022
2018-03-30 23:00:00,0.0,71.48610294443488
2018-03-31 00:00:00,0.0,0.0
2018-03-31 01:00:00,0.0,103.16250651637213
2018-03-31 02:00:00,0.0,0.0
2018-03-31 03:00:00,0.0,0.0
2018-03-31 04:00:00,0.0,0.0
2018-03-31 05:00:00,0.0,0.0
2018-03-31 06:00:00,0.0,0.0
2018-03-31 07:00:00,0.0,271.3651327470344
2018-03-31 08:00:00,,213.52594113944588
2018-03-31 09:00:00,,199.154164283261
2018-03-31 10:00:00,0.0,218.359794843954
2018-03-31 11:00:00,0.0,55.506166193948424
2018-03-31 12:00:00,0.0,16.6731014606156
2018-03-31 13:00:00,0.0,40.94741556109232
2018-03-31 14:00:00,0.0,0.0
2018-03-31 15:00:00,129.6,9.225943666020466
2018-03-31 16:00:00,149.04,0.0
2018-03-31 17:00:00,149.04,0.0
2018-03-31 18:00:00,142.56,46.78630915372469
2018-03-31 19:00:00,97.2,502.2352855211153
2018-03-31 20:00:00,103.68,257.6998795044623
2018-03-31 21:00:00,110.16,178.3822695765811
2018-03-31 22:00:00,103.68,290.7304910672545
2018-03-31 23:00:00,103.68,184.4379442464868
2018-04-01 00:00:00,110.16,5.499231602373186
2018-04-01 01:00:00,103.68,216.6910510499887
2018-04-01 02:00:00,103.68,34.4862920783312
2018-04-01 03:00:00,110.16,0.0
2018-04-01 04:00:00,155.52,60.84982793641564
2018-04-01 05:00:00,181.44,0.0
2018-04-01 06:00:00,194.4,106.13524016904314
2018-04-01 07:00:00,226.8,462.95527099351193
2018-04-01 08:00:00,233.28,452.55669441354456
2018-04-01 09:00:00,278.64,291.14044727103635
2018-04-01 10:00:00,298.08,317.1711619938936
2018-04-01 11:00:00,304.56,304.3684182579257
2018-04-01 12:00:00,330.48,285.7117747248389
2018-04-01 13:00:00,343.44,336.7660156898113
2018-04-01 14:00:00,343.44,313.26567015174845
2018-04-01 15:00:00,304.56,350.24468374608296
2018-04-01 16:00:00,317.52,233.51379167746924
2018-04-01 17:00:00,369.36,0.0
2018-04-01 18:00:00,321.22,276.6302711181633
2018-04-01 19:00:00,393.12,696.6170228690644
2018-04-01 20:00:00,1283.04,521.4901127688419
2018-04-01 21:00:00,764.64,989.4348120743697
2018-04-01 22:00:00,855.36,895.355755651374
2018-04-01 23:00:00,803.52,863.931932946353
2018-04-02 00:00:00,907.2,677.1936113222824
2018-04-02 01:00:00,965.52,954.4420702582074
2018-04-02 02:00:00,1049.76,830.6525645714635
2018-04-02 03:00:00,1257.12,798.7618287509142
2018-04-02 04:00:00,2209.68,1081.2819650819624
2018-04-02 05:00:00,965.52,1235.1304621237555
2018-04-02 06:00:00,1328.4,1084.4563630360472
2018-04-02 07:00:00,2235.6,1596.562293987495
2018-04-02 08:00:00,3032.64,2097.406787391401
2018-04-02 09:00:00,3272.4,2549.308458225949
2018-04-02 10:00:00,3252.96,2868.450964292879
2018-04-02 11:00:00,2928.96,2966.3955510989445
2018-04-02 12:00:00,2721.6,2840.897347148004
2018-04-02 13:00:00,3492.72,2772.2754634612666
2018-04-02 14:00:00,3389.04,3195.1185176519384
2018-04-02 15:00:00,2760.48,3229.4353227042693
2018-04-02 16:00:00,3188.16,2812.13685434218
2018-04-02 17:00:00,784.08,2488.8605736782297
2018-04-02 18:00:00,2054.16,1599.0037235028626
2018-04-02 19:00:00,3304.8,2554.94879235449
2018-04-02 20:00:00,3453.84,3171.8633031233035
2018-04-02 21:00:00,3356.64,3164.4016266203244
2018-04-02 22:00:00,3492.72,3358.659602482496
2018-04-02 23:00:00,3382.56,3383.845400799947
2018-04-03 00:00:00,3551.04,3213.7122081731527
2018-04-03 01:00:00,3285.36,3547.7358676439
2018-04-03 02:00:00,2916.0,3251.9991467257314
2018-04-03 03:00:00,2786.4,2937.3191855161485
2018-04-03 04:00:00,2903.04,3045.1347190942465
2018-04-03 05:00:00,777.6,2350.5193692456487
2018-04-03 06:00:00,1782.0,1631.357854553908
2018-04-03 07:00:00,3745.44,2408.829604272202
2018-04-03 08:00:00,3719.52,3511.6547686394724
2018-04-03 09:00:00,3706.56,3488.0722264210594
2018-04-03 10:00:00,3544.56,3562.6740164461867
2018-04-03 11:00:00,3123.36,3450.604930317002
2018-04-03 12:00:00,3654.72,3188.431324814791
2018-04-03 13:00:00,3402.0,3632.7303428081023
2018-04-03 14:00:00,3719.52,3411.775474675877
2018-04-03 15:00:00,2941.92,3531.321459439597
2018-04-03 16:00:00,3045.6,3112.3454539038416
2018-04-03 17:00:00,2112.48,2209.439539483835
2018-04-03 18:00:00,1846.8,2530.678463745103
2018-04-03 19:00:00,3298.32,2781.45268152557
2018-04-03 20:00:00,3149.28,3241.4886436909524
2018-04-03 21:00:00,2462.4,3114.0381219350515
2018-04-03 22:00:00,2779.92,2860.9287444684796
2018-04-03 23:00:00,2455.92,2863.904598304315
2018-04-04 00:00:00,2436.48,2516.1119611259337
2018-04-04 01:00:00,2293.92,2618.3502561819478
2018-04-04 02:00:00,3188.16,2292.579218922121
2018-04-04 03:00:00,3142.8,2709.1633714761547
2018-04-04 04:00:00,2721.6,2925.8648527774058
2018-04-04 05:00:00,751.68,1963.8127358790264
2018-04-04 06:00:00,2676.24,1525.624640021214
2018-04-04 07:00:00,3544.56,3004.5283713433705
2018-04-04 08:00:00,2773.44,3382.3538789105287
2018-04-04 09:00:00,3427.92,2883.252478349993
2018-04-04 10:00:00,3214.08,3248.301827698793
2018-04-04 11:00:00,2909.52,3107.607641195153
2018-04-04 12:00:00,2410.56,3023.4871372714247
2018-04-04 13:00:00,3479.76,2661.1691915820434
2018-04-04 14:00:00,3240.0,3256.0046182262936
2018-04-04 15:00:00,2851.2,3070.617319332353
2018-04-04 16:00:00,3330.72,2846.189512417927
2018-04-04 17:00:00,686.88,2432.269026367709
2018-04-04 18:00:00,2313.36,1471.583249752337
2018-04-04 19:00:00,3453.84,2848.158802578458
2018-04-04 20:00:00,3142.8,3194.386461876881
2018-04-04 21:00:00,3764.88,2963.380916607275
2018-04-04 22:00:00,3427.92,3598.156121019433
2018-04-04 23:00:00,3764.88,3342.051040657572
2018-04-05 00:00:00,3103.92,3432.52982924123
2018-04-05 01:00:00,2436.48,3289.3114660707133
2018-04-05 02:00:00,2669.76,2808.8103240914224
2018-04-05 03:00:00,3220.56,2669.227162943789
2018-04-05 04:00:00,3265.92,3024.2732862212197
2018-04-05 05:00:00,984.96,2377.5257387887564
2018-04-05 06:00:00,2280.96,1912.138206813117
2018-04-05 07:00:00,2857.68,2780.5897126739183
2018-04-05 08:00:00,3434.4,2870.0538759163305
2018-04-05 09:00:00,3414.96,3255.8631599537366
2018-04-05 10:00:00,3732.48,3266.4422193912637
2018-04-05 11:00:00,3304.8,3455.742079623016
2018-04-05 12:00:00,3214.08,3207.657732437013
2018-04-05 13:00:00,3272.4,3377.1599902260177
2018-04-05 14:00:00,2928.96,3257.8841209723823
2018-04-05 15:00:00,2650.32,3017.282031393548
2018-04-05 16:00:00,3201.12,2816.279014275125
2018-04-05 17:00:00,829.44,2146.093264798185
2018-04-05 18:00:00,2216.16,1722.073800552538
2018-04-05 19:00:00,2941.92,2804.3867681343245
2018-04-05 20:00:00,2384.64,2871.5980218273785
2018-04-05 21:00:00,2825.28,2613.991839831369
2018-04-05 22:00:00,2825.28,2872.1934025272335
2018-04-05 23:00:00,2980.8,2869.165908494951
2018-04-06 00:00:00,3227.04,2696.8637158218767
2018-04-06 01:00:00,3311.28,3043.789098793074
2018-04-06 02:00:00,1529.28,3068.794454159618
2018-04-06 03:00:00,1140.48,2001.8590017166787
2018-04-06 04:00:00,920.16,1677.4782671496534
2018-04-06 05:00:00,764.64,578.3835290376517
2018-04-06 06:00:00,751.68,1168.3875667097043
2018-04-06 07:00:00,816.48,1389.4070007598998
2018-04-06 08:00:00,712.8,1315.885772868611
2018-04-06 09:00:00,557.28,995.2868820825412
2018-04-06 10:00:00,531.36,878.2083117683592
2018-04-06 11:00:00,563.76,675.1203985560201
2018-04-06 12:00:00,537.84,635.3948407573292
2018-04-06 13:00:00,615.6,642.4459548634076
2018-04-06 14:00:00,563.76,578.3172594022087
2018-04-06 15:00:00,596.16,540.0350767727448
2018-04-06 16:00:00,557.28,569.6571717292836
2018-04-06 17:00:00,583.2,0.0
2018-04-06 18:00:00,576.72,584.1303162795077
2018-04-06 19:00:00,531.36,1050.1843863712122
2018-04-06 20:00:00,589.68,666.5583145967533
2018-04-06 21:00:00,576.72,706.7444068513489
2018-04-06 22:00:00,557.28,775.1048585664189
2018-04-06 23:00:00,511.92,676.7090878868452
2018-04-07 00:00:00,576.72,487.11245314895
2018-04-07 01:00:00,531.36,706.7910178712139
2018-04-07 02:00:00,524.88,255.7097210275099
2018-04-07 03:00:00,421.2,233.43749466618823
2018-04-07 04:00:00,382.32,319.975945180117
2018-04-07 05:00:00,278.64,0.0
2018-04-07 06:00:00,246.24,252.8958263445211
2018-04-07 07:00:00,246.24,578.0381794584744
2018-04-07 08:00:00,233.28,489.58890915248776
2018-04-07 09:00:00,239.76,312.02621996880976
2018-04-07 10:00:00,233.28,316.3169762812619
2018-04-07 11:00:00,239.76,275.15287553354216
2018-04-07 12:00:00,239.76,241.60471985520965
2018-04-07 13:00:00,233.28,286.1302387105545
2018-04-07 14:00:00,233.28,226.52899148695514
2018-04-07 15:00:00,239.76,240.0317708020297
2018-04-07 16:00:00,226.8,154.39110066278687
2018-04-07 17:00:00,213.84,0.0
2018-04-07 18:00:00,194.4,151.3629394603569
2018-04-07 19:00:00,110.16,580.6762806491873
2018-04-07 20:00:00,110.16,312.69535272690035
2018-04-07 21:00:00,110.16,212.42738901636775
2018-04-07 22:00:00,103.68,308.09896264404347
2018-04-07 23:00:00,110.16,191.95798773056543
2018-04-08 00:00:00,103.68,28.090722707984753
2018-04-08 01:00:00,110.16,211.50460250103458
2018-04-08 02:00:00,103.68,39.0847137861642
2018-04-08 03:00:00,110.16,0.0
2018-04-08 04:00:00,103.68,53.56303127026314
2018-04-08 05:00:00,110.16,0.0
2018-04-08 06:00:00,110.16,48.75495075488853
2018-04-08 07:00:00,103.68,395.8264658375989
2018-04-08 08:00:00,97.2,332.12855309206435
2018-04-08 09:00:00,103.68,181.22011658698463
2018-04-08 10:00:00,97.2,179.9761669355153
2018-04-08 11:00:00,103.68,134.78049976344445
2018-04-08 12:00:00,97.2,107.06404631122662
2018-04-08 13:00:00,103.68,134.89837104363258
2018-04-08 14:00:00,97.2,96.12640216103843
2018-04-08 15:00:00,97.2,100.47381168187155
2018-04-08 16:00:00,97.2,16.6305462432786
2018-04-08 17:00:00,97.2,0.0
2018-04-08 18:00:00,97.2,24.013082317150477
2018-04-08 19:00:00,123.12,462.29537887846277
2018-04-08 20:00:00,1432.08,261.99457450201
2018-04-08 21:00:00,738.72,980.5947701245375
2018-04-08 22:00:00,609.12,827.2048972640346
2018-04-08 23:00:00,654.48,676.6448004116204
2018-04-09 00:00:00,660.96,531.7882757866271
2018-04-09 01:00:00,1211.76,744.8017330195563
2018-04-09 02:00:00,2468.88,908.7968924739744
2018-04-09 03:00:00,1794.96,1645.2757134555518
2018-04-09 04:00:00,693.36,1562.2735565678413
2018-04-09 05:00:00,1127.52,474.519607413551
2018-04-09 06:00:00,1231.2,1120.362627624008
2018-04-09 07:00:00,2520.72,1510.4769160745323
2018-04-09 08:00:00,3233.52,2236.9504111799342
2018-04-09 09:00:00,2779.92,2681.3837950086436
2018-04-09 10:00:00,3116.88,2597.3838775321574
2018-04-09 11:00:00,3278.88,2840.940688145869
2018-04-09 12:00:00,2779.92,3003.851657058962
2018-04-09 13:00:00,3142.8,2820.5652973324786
2018-04-09 14:00:00,3142.8,2996.0645736187153
2018-04-09 15:00:00,2579.04,3046.79103807145
2018-04-09 16:00:00,2540.16,2653.44881469684
2018-04-09 17:00:00,777.6,2022.3264746535574
2018-04-09 18:00:00,1652.4,1483.8527414181751
2018-04-09 19:00:00,3505.68,2224.9388786402124
2018-04-09 20:00:00,3298.32,3242.889532199889
2018-04-09 21:00:00,2630.88,3018.714414602204
2018-04-09 22:00:00,2611.44,2838.753576264604
2018-04-09 23:00:00,3304.8,2728.527601522131
2018-04-10 00:00:00,2993.76,2962.5587718863594
2018-04-10 01:00:00,2948.4,3123.013349854559
2018-04-10 02:00:00,3337.2,3059.7879240253346
2018-04-10 03:00:00,2883.6,2998.527493616452
2018-04-10 04:00:00,3233.52,2778.7698091826974
2018-04-10 05:00:00,797.04,2636.3270705981417
2018-04-10 06:00:00,2417.04,1651.4110685755627
2018-04-10 07:00:00,3369.6,2865.615145760845
2018-04-10 08:00:00,3615.84,3379.8522836343573
2018-04-10 09:00:00,2993.76,3359.2507093214244
2018-04-10 10:00:00,3564.0,3146.2126983291228
2018-04-10 11:00:00,3291.84,3435.0851790237825
2018-04-10 12:00:00,3382.56,3216.1824221295956
2018-04-10 13:00:00,3343.68,3397.1693882342324
2018-04-10 14:00:00,3447.36,3323.314603040911
2018-04-10 15:00:00,2598.48,3321.6333321606376
2018-04-10 16:00:00,3136.32,2781.963892879861
2018-04-10 17:00:00,2112.48,2233.072707541988
2018-04-10 18:00:00,1814.4,2450.1894974471493
2018-04-10 19:00:00,2118.96,2802.898068284949
2018-04-10 20:00:00,1879.2,2477.3310800988147
2018-04-10 21:00:00,3052.08,2103.0069656465043
2018-04-10 22:00:00,2825.28,2898.7539857637917
2018-04-10 23:00:00,3006.72,2857.6237635400184
2018-04-11 00:00:00,3240.0,2738.508086157165
2018-04-11 01:00:00,3376.08,3139.987201818596
2018-04-11 02:00:00,3052.08,3168.083840439432
2018-04-11 03:00:00,3408.48,2834.8788891100785
2018-04-11 04:00:00,894.24,3253.8098717190182
2018-04-11 05:00:00,758.16,945.1925437757959
2018-04-11 06:00:00,1574.64,1475.8439912553454
2018-04-11 07:00:00,2546.64,2140.2246853628817
2018-04-11 08:00:00,3479.76,2581.481377566575
2018-04-11 09:00:00,2404.08,2964.99123747632
2018-04-11 10:00:00,3058.56,2595.7128048563454
2018-04-11 11:00:00,2980.8,2855.9320607460554
2018-04-11 12:00:00,3460.32,2873.489609508636
2018-04-11 13:00:00,2384.64,3223.797060455792
2018-04-11 14:00:00,3084.48,2627.812789781409
2018-04-11 15:00:00,2961.36,2862.604537700157
2018-04-11 16:00:00,2255.04,2883.3100146273578
2018-04-11 17:00:00,881.28,1733.2106751814151
2018-04-11 18:00:00,1859.76,1434.5211555331668
2018-04-11 19:00:00,2935.44,2337.156403913943
2018-04-11 20:00:00,3026.16,2694.2548902662593
2018-04-11 21:00:00,3188.16,2954.089808777978
2018-04-11 22:00:00,3434.4,3125.516242235803
2018-04-11 23:00:00,3350.16,3284.944743539661
2018-04-12 00:00:00,2838.24,3153.752066435318
2018-04-12 01:00:00,3460.32,3082.5785184269594
2018-04-12 02:00:00,2468.88,3197.4328327120566
2018-04-12 03:00:00,1347.84,2612.543735877546
2018-04-12 04:00:00,835.92,1604.790074779492
2018-04-12 05:00:00,725.76,805.1154220995512
2018-04-12 06:00:00,738.72,1181.2300331206302
2018-04-12 07:00:00,758.16,1473.8191015149714
2018-04-12 08:00:00,771.12,1375.6958056339656
2018-04-12 09:00:00,797.04,929.6933303035958
2018-04-12 10:00:00,829.44,1052.746565444228
2018-04-12 11:00:00,797.04,937.0126879599998
2018-04-12 12:00:00,693.36,931.2920132773796
2018-04-12 13:00:00,732.24,696.9398970448552
2018-04-12 14:00:00,699.84,826.1125676115711
2018-04-12 15:00:00,706.32,733.8995001588466
2018-04-12 16:00:00,660.96,559.5584950211955
2018-04-12 17:00:00,673.92,0.0
2018-04-12 18:00:00,628.56,656.826228730073
2018-04-12 19:00:00,622.08,1166.41500276682
2018-04-12 20:00:00,660.96,860.5254907783385
2018-04-12 21:00:00,602.64,794.3105485818265
2018-04-12 22:00:00,641.52,870.8700876328459
2018-04-12 23:00:00,596.16,747.9495052737832
2018-04-13 00:00:00,635.04,472.3464547521195
2018-04-13 01:00:00,570.24,808.3983113532297
2018-04-13 02:00:00,576.72,417.95060015045203
2018-04-13 03:00:00,557.28,234.17950260856753
2018-04-13 04:00:00,524.88,368.186119571312
2018-04-13 05:00:00,505.44,0.0
2018-04-13 06:00:00,550.8,423.3888248070417
2018-04-13 07:00:00,602.64,806.715950957883
2018-04-13 08:00:00,622.08,792.3135875266313
2018-04-13 09:00:00,583.2,664.7938328459892
2018-04-13 10:00:00,609.12,658.6685737973246
2018-04-13 11:00:00,602.64,625.2115239903256
2018-04-13 12:00:00,544.32,584.4614613114566
2018-04-13 13:00:00,563.76,595.2196630657004
2018-04-13 14:00:00,466.56,557.2040108436477
2018-04-13 15:00:00,498.96,502.72290609441956
2018-04-13 16:00:00,421.2,425.8586598732393
2018-04-13 17:00:00,421.2,0.0
2018-04-13 18:00:00,408.24,371.7691040063042
2018-04-13 19:00:00,395.28,807.0503983135334
2018-04-13 20:00:00,427.68,576.4477432131973
2018-04-13 21:00:00,421.2,496.85185096118585
2018-04-13 22:00:00,414.72,605.7845899087245
2018-04-13 23:00:00,382.32,494.47699635480416
2018-04-14 00:00:00,401.76,306.87065010591016
2018-04-14 01:00:00,375.84,502.93270326544535
2018-04-14 02:00:00,382.32,317.90658935842754
2018-04-14 03:00:00,291.6,211.5749982059367
2018-04-14 04:00:00,129.6,268.86666468665896
2018-04-14 05:00:00,103.68,0.0
2018-04-14 06:00:00,97.2,134.78397752928484
2018-04-14 07:00:00,0.0,453.73659229173165
2018-04-14 08:00:00,0.0,317.17378960980164
2018-04-14 09:00:00,0.0,129.71954324412047
2018-04-14 10:00:00,0.0,122.00859978138156
2018-04-14 11:00:00,0.0,62.11680275321127
2018-04-14 12:00:00,0.0,15.951178781942033
2018-04-14 13:00:00,0.0,47.22027444423583
2018-04-14 14:00:00,0.0,0.0
2018-04-14 15:00:00,51.84,2.142948535691602
2018-04-14 16:00:00,84.24,0.0
2018-04-14 17:00:00,103.68,0.0
2018-04-14 18:00:00,84.24,3.9676187138976218
2018-04-14 19:00:00,90.72,447.42205196047667
2018-04-14 20:00:00,90.72,239.45785057762123
2018-04-14 21:00:00,97.2,157.3823952287567
2018-04-14 22:00:00,97.2,266.5300589900934
2018-04-14 23:00:00,97.2,167.4268420270525
2018-04-15 00:00:00,90.72,0.0
2018-04-15 01:00:00,97.2,192.28280562361581
2018-04-15 02:00:00,97.2,25.746523320553678
2018-04-15 03:00:00,97.2,0.0
2018-04-15 04:00:00,97.2,12.878094204560512
2018-04-15 05:00:00,90.72,0.0
2018-04-15 06:00:00,97.2,37.32147905619251
2018-04-15 07:00:00,97.2,371.3931823290268
2018-04-15 08:00:00,90.72,322.62114066047917
2018-04-15 09:00:00,90.72,165.76993159957726
2018-04-15 10:00:00,90.72,169.92965856686263
2018-04-15 11:00:00,84.24,125.21608693547017
2018-04-15 12:00:00,90.72,91.17154287275252
2018-04-15 13:00:00,90.72,124.20477444537931
2018-04-15 14:00:00,90.72,85.48545468162848
2018-04-15 15:00:00,90.72,94.64744189935122
2018-04-15 16:00:00,90.72,16.859314968369105
2018-04-15 17:00:00,90.72,0.0
2018-04-15 18:00:00,90.72,21.6380394630583
2018-04-15 19:00:00,103.68,469.002227543392
2018-04-15 20:00:00,1017.36,255.56255721785845
2018-04-15 21:00:00,434.16,730.5912943609183
2018-04-15 22:00:00,1049.76,590.858340317566
2018-04-15 23:00:00,622.08,873.7335121575522
2018-04-16 00:00:00,622.08,518.3370680257651
2018-04-16 01:00:00,1296.0,721.4657711313025
2018-04-16 02:00:00,991.44,959.2908553011462
2018-04-16 03:00:00,868.32,753.6059772389076
2018-04-16 04:00:00,2488.32,814.7587327214023
2018-04-16 05:00:00,1555.2,1330.1369276580408
2018-04-16 06:00:00,1101.6,1439.3818474498037
2018-04-16 07:00:00,1121.04,1524.6651223035262
2018-04-16 08:00:00,2838.24,1436.8481918626935
2018-04-16 09:00:00,2475.36,2299.506066822076
2018-04-16 10:00:00,2520.72,2273.0352262961533
2018-04-16 11:00:00,2896.56,2342.1508406235066
2018-04-16 12:00:00,1367.28,2607.4279936805992
2018-04-16 13:00:00,2183.76,1798.8725160864701
2018-04-16 14:00:00,1257.12,2133.0177593255557
2018-04-16 15:00:00,2579.04,1586.561201840628
2018-04-16 16:00:00,1989.36,2209.0085135365503
2018-04-16 17:00:00,751.68,1382.56654082023
2018-04-16 18:00:00,1522.8,1189.6660564816914
2018-04-16 19:00:00,2462.4,1947.4045513035085
2018-04-16 20:00:00,3136.32,2405.6782457885565
2018-04-16 21:00:00,2624.4,2683.5331837518734
2018-04-16 22:00:00,3356.64,2744.7367135028053
2018-04-16 23:00:00,2883.6,3027.4551815078735
2018-04-17 00:00:00,2209.68,2710.3720675472423
2018-04-17 01:00:00,3453.84,2614.873692788061
2018-04-17 02:00:00,3395.52,3037.0142754335498
2018-04-17 03:00:00,1529.28,3001.6938800001362
2018-04-17 04:00:00,2034.72,2275.4376272165578
2018-04-17 05:00:00,1879.2,1677.9051653198808
2018-04-17 06:00:00,2371.68,1985.8606720486957
2018-04-17 07:00:00,2974.32,2597.0971204996486
2018-04-17 08:00:00,3473.28,3156.090202725086
2018-04-17 09:00:00,3168.72,3202.347622366584
2018-04-17 10:00:00,3155.76,3149.0703414437717
2018-04-17 11:00:00,2572.56,3176.0075542174595
2018-04-17 12:00:00,3291.84,2574.9812264029106
2018-04-17 13:00:00,3615.84,3213.6631792954313
2018-04-17 14:00:00,2462.4,3248.752032063483
2018-04-17 15:00:00,2527.2,2877.7918056483672
2018-04-17 16:00:00,3136.32,2577.7283689525684
2018-04-17 17:00:00,1075.68,2207.955306007063
2018-04-17 18:00:00,1665.36,1767.2096142842445
2018-04-17 19:00:00,3291.84,2428.996377824346
2018-04-17 20:00:00,2352.24,3132.726484181969
2018-04-17 21:00:00,2987.28,2479.3323409231643
2018-04-17 22:00:00,3097.44,3072.3427563637724
2018-04-17 23:00:00,3434.4,2975.8687500838078
2018-04-18 00:00:00,2857.68,2998.3202765151473
2018-04-18 01:00:00,3039.12,3148.335360547481
2018-04-18 02:00:00,2585.52,2969.8082368122514
2018-04-18 03:00:00,2067.12,2342.3598358568106
2018-04-18 04:00:00,1775.52,2312.0706485601604
2018-04-18 05:00:00,3272.4,1532.8197929242529
2018-04-18 06:00:00,1574.64,2904.018143966829
2018-04-18 07:00:00,2481.84,2371.881421429456
2018-04-18 08:00:00,3622.32,2755.682672505063
2018-04-18 09:00:00,2481.84,3217.9034899818107
2018-04-18 10:00:00,3058.56,2688.2945679981785
2018-04-18 11:00:00,3071.52,2877.540311746605
2018-04-18 12:00:00,3376.08,3038.2842920018406
2018-04-18 13:00:00,3155.76,3282.584464255228
2018-04-18 14:00:00,3071.52,2978.0708022432664
2018-04-18 15:00:00,3019.68,3041.7583891971926
2018-04-18 16:00:00,2779.92,3018.31310586906
2018-04-18 17:00:00,790.56,1988.9081464554054
2018-04-18 18:00:00,1658.88,1559.4116695980267
2018-04-18 19:00:00,3278.88,2466.9599340215254
2018-04-18 20:00:00,3304.8,2909.2713444266183
2018-04-18 21:00:00,3719.52,3125.111566200235
2018-04-18 22:00:00,3175.2,3551.187181973168
2018-04-18 23:00:00,3116.88,3268.0713841492047
2018-04-19 00:00:00,3259.44,2963.723339605652
2018-04-19 01:00:00,3414.96,3319.1954298414653
2018-04-19 02:00:00,3240.0,3185.0836888585036
2018-04-19 03:00:00,3538.08,2969.6843923908527
2018-04-19 04:00:00,3052.08,3284.7056376392757
2018-04-19 05:00:00,764.64,2796.8814933711947
2018-04-19 06:00:00,1620.0,1512.2654405402302
2018-04-19 07:00:00,2708.64,2314.8991241896247
2018-04-19 08:00:00,2669.76,2915.503473197649
2018-04-19 09:00:00,2734.56,2542.754875234431
2018-04-19 10:00:00,2559.6,2772.590407362819
2018-04-19 11:00:00,3343.68,2612.588099286143
2018-04-19 12:00:00,2967.84,3091.852764146005
2018-04-19 13:00:00,2430.0,2933.9784484319903
2018-04-19 14:00:00,2754.0,2580.990483328318
2018-04-19 15:00:00,2741.04,2733.3385751554047
2018-04-19 16:00:00,2339.28,2622.735910839928
2018-04-19 17:00:00,777.6,1570.7742214719008
2018-04-19 18:00:00,2799.36,1430.7659026931922
2018-04-19 19:00:00,3356.64,3065.1076138331528
2018-04-19 20:00:00,3538.08,3156.7007889997963
2018-04-19 21:00:00,3492.72,3348.5082737859175
2018-04-19 22:00:00,3525.12,3418.2507360127115
2018-04-19 23:00:00,3376.08,3430.3350487372136
2018-04-20 00:00:00,3265.92,3240.445408759788
2018-04-20 01:00:00,3693.6,3405.001460338618
2018-04-20 02:00:00,3602.88,3449.3686159216813
2018-04-20 03:00:00,3363.12,3387.8096486574045
2018-04-20 04:00:00,1736.64,3299.510970565312
2018-04-20 05:00:00,842.4,1563.6030847026782
2018-04-20 06:00:00,648.0,1589.4174038706255
2018-04-20 07:00:00,667.44,1679.1822586359833
2018-04-20 08:00:00,758.16,1362.2366427264294
2018-04-20 09:00:00,790.56,1123.5214577801844
2018-04-20 10:00:00,803.52,1033.932244155837
2018-04-20 11:00:00,771.12,1058.3150810940335
2018-04-20 12:00:00,706.32,857.3939655989823
2018-04-20 13:00:00,745.2,767.4965604950763
2018-04-20 14:00:00,686.88,803.2319024987102
2018-04-20 15:00:00,706.32,740.8703134419147
2018-04-20 16:00:00,518.4,603.1213630903189
2018-04-20 17:00:00,479.52,0.0
2018-04-20 18:00:00,498.96,667.0501118573013
2018-04-20 19:00:00,473.04,1041.9184633124526
2018-04-20 20:00:00,511.92,756.30063630261
2018-04-20 21:00:00,505.44,644.9475774431597
2018-04-20 22:00:00,460.08,732.6156060926717
2018-04-20 23:00:00,440.64,569.1674924137274
2018-04-21 00:00:00,486.0,365.3739810287004
2018-04-21 01:00:00,447.12,652.3143539329807
2018-04-21 02:00:00,453.6,405.14664301228026
2018-04-21 03:00:00,317.52,265.4781891660023
2018-04-21 04:00:00,149.04,98.07277590461604
2018-04-21 05:00:00,103.68,0.0
2018-04-21 06:00:00,110.16,11.844666776341683
2018-04-21 07:00:00,103.68,382.3685421404466
2018-04-21 08:00:00,103.68,343.817078437403
2018-04-21 09:00:00,90.72,181.52934250635292
2018-04-21 10:00:00,103.68,179.36524504652976
2018-04-21 11:00:00,90.72,136.24385374604518
2018-04-21 12:00:00,97.2,89.08133028946531
2018-04-21 13:00:00,200.88,133.70631846414184
2018-04-21 14:00:00,200.88,143.09190413149042
2018-04-21 15:00:00,207.36,171.40557322392937
2018-04-21 16:00:00,162.0,78.33388948514694
2018-04-21 17:00:00,103.68,0.0
2018-04-21 18:00:00,90.72,56.588423251078055
2018-04-21 19:00:00,97.2,484.8108960124039
2018-04-21 20:00:00,90.72,269.482735292538
2018-04-21 21:00:00,97.2,175.718351602947
2018-04-21 22:00:00,103.68,273.81959726382377
2018-04-21 23:00:00,97.2,177.809309879056
2018-04-22 00:00:00,103.68,8.725625415938964
2018-04-22 01:00:00,97.2,207.68662345084044
2018-04-22 02:00:00,97.2,31.17105642931037
2018-04-22 03:00:00,110.16,0.0
2018-04-22 04:00:00,187.92,17.446037684458588
2018-04-22 05:00:00,213.84,0.0
2018-04-22 06:00:00,226.8,118.76310550731174
2018-04-22 07:00:00,181.44,481.89761827357097
2018-04-22 08:00:00,181.44,413.9438893734602
2018-04-22 09:00:00,181.44,251.82393895328894
2018-04-22 10:00:00,181.44,261.5850601805743
2018-04-22 11:00:00,174.96,215.80301591156336
2018-04-22 12:00:00,187.92,180.76723761828637
2018-04-22 13:00:00,181.44,232.9468116356817
2018-04-22 14:00:00,174.96,177.96038094594383
2018-04-22 15:00:00,174.96,181.5275743249338
2018-04-22 16:00:00,181.44,92.84175198847527
2018-04-22 17:00:00,174.96,0.0
2018-04-22 18:00:00,174.96,106.67423101546773
2018-04-22 19:00:00,174.96,553.6564465411344
2018-04-22 20:00:00,187.92,332.1653314954269
2018-04-22 21:00:00,259.2,258.49500733682373
2018-04-22 22:00:00,570.24,406.3991115266572
2018-04-22 23:00:00,511.92,504.2595324110366
2018-04-23 00:00:00,447.12,341.84017893811483
2018-04-23 01:00:00,466.56,528.0295179753311
2018-04-23 02:00:00,972.0,372.6934456698585
2018-04-23 03:00:00,855.36,582.411820605183
2018-04-23 04:00:00,900.72,703.9447418628735
2018-04-23 05:00:00,848.88,297.49190106983326
2018-04-23 06:00:00,926.64,763.0557446421411
2018-04-23 07:00:00,1360.8,1156.2072784638794
2018-04-23 08:00:00,1678.32,1388.8637678253717
2018-04-23 09:00:00,1704.24,1484.818783100126
2018-04-23 10:00:00,1717.2,1589.6424001799685
2018-04-23 11:00:00,1853.28,1613.379808798176
2018-04-23 12:00:00,1756.08,1708.3834164815507
2018-04-23 13:00:00,1833.84,1725.3312312275457
2018-04-23 14:00:00,1846.8,1748.5213129232552
2018-04-23 15:00:00,1898.64,1788.599993825401
2018-04-23 16:00:00,1684.8,1758.7972297058038
2018-04-23 17:00:00,1749.6,1083.219607938997
2018-04-23 18:00:00,1535.76,1688.595291201933
2018-04-23 19:00:00,1782.0,2000.8252277676604
2018-04-23 20:00:00,1866.24,1905.3438680242032
2018-04-23 21:00:00,1969.92,1893.5148413500795
2018-04-23 22:00:00,1969.92,2112.566296609142
2018-04-23 23:00:00,1736.64,2003.8042828745345
2018-04-24 00:00:00,1782.0,1697.1590702141766
2018-04-24 01:00:00,1833.84,1915.6847707175175
2018-04-24 02:00:00,1918.08,1831.1783473138426
2018-04-24 03:00:00,1937.52,1719.498550895492
2018-04-24 04:00:00,1892.16,1865.4456780334522
2018-04-24 05:00:00,1134.0,1371.5874968070361
2018-04-24 06:00:00,1004.4,1393.523651098266
2018-04-24 07:00:00,1814.4,1614.8159138432495
2018-04-24 08:00:00,1743.12,1981.3911379074332
2018-04-24 09:00:00,1775.52,1789.2153094889816
2018-04-24 10:00:00,1833.84,1824.478395716111
2018-04-24 11:00:00,1814.4,1843.8975435891684
2018-04-24 12:00:00,1794.96,1788.7471891028852
2018-04-24 13:00:00,1859.76,1831.691010064884
2018-04-24 14:00:00,1833.84,1825.4567005476356
2018-04-24 15:00:00,1807.92,1832.3304449304953
2018-04-24 16:00:00,1866.24,1706.247763625457
2018-04-24 17:00:00,1490.4,1204.3217944769685
2018-04-24 18:00:00,1185.84,1527.9403222805302
2018-04-24 19:00:00,2021.76,1795.1043894992015
2018-04-24 20:00:00,1963.44,2013.2370432593334
2018-04-24 21:00:00,1956.96,1957.3814186588788
2018-04-24 22:00:00,1892.16,2076.9952296731776
2018-04-24 23:00:00,1995.84,1924.5343297186214
2018-04-25 00:00:00,1963.44,1845.2051351672444
2018-04-25 01:00:00,1989.36,2050.415757743764
2018-04-25 02:00:00,2028.24,1908.249369154713
2018-04-25 03:00:00,1969.92,1828.226577461753
2018-04-25 04:00:00,1905.12,1909.7218118194241
2018-04-25 05:00:00,1250.64,1310.1100513566282
2018-04-25 06:00:00,1373.76,1417.8080069066223
2018-04-25 07:00:00,1490.4,1880.2170617987622
2018-04-25 08:00:00,1788.48,1790.700348896672
2018-04-25 09:00:00,1775.52,1798.2037795284086
2018-04-25 10:00:00,1872.72,1822.9451525039192
2018-04-25 11:00:00,1859.76,1844.07068789196
2018-04-25 12:00:00,1872.72,1821.2649434634402
2018-04-25 13:00:00,1885.68,1883.1679881792184
2018-04-25 14:00:00,2278.16,1848.9293682162859
2018-04-25 15:00:00,1873.47,2101.887251580817
2018-04-25 16:00:00,1866.24,1839.240661423098
2018-04-25 17:00:00,1334.88,1208.3851569552814
2018-04-25 18:00:00,1470.96,1440.0617331786707
2018-04-25 19:00:00,1989.36,2036.5767779669354
2018-04-25 20:00:00,1950.48,2032.795218186616
2018-04-25 21:00:00,1872.72,1963.8556580730763
2018-04-25 22:00:00,1976.4,2029.4107705793797
2018-04-25 23:00:00,1853.28,2015.4808437164504
2018-04-26 00:00:00,1931.04,1773.0356734212112
2018-04-26 01:00:00,1827.36,2022.6053077470417
2018-04-26 02:00:00,1931.04,1795.8124443521688
2018-04-26 03:00:00,1976.4,1731.521853539244
2018-04-26 04:00:00,1743.12,1876.0334204603491
2018-04-26 05:00:00,1140.48,1200.7766809569314
2018-04-26 06:00:00,1205.28,1352.895551408501
2018-04-26 07:00:00,1911.6,1663.530671059631
2018-04-26 08:00:00,1866.24,2023.7899431190751
2018-04-26 09:00:00,1885.68,1860.3284743373508
2018-04-26 10:00:00,1918.08,1916.6833748430897
2018-04-26 11:00:00,1464.48,1902.801284693891
2018-04-26 12:00:00,1490.4,1612.349370008089
2018-04-26 13:00:00,1872.72,1616.2734537540916
2018-04-26 14:00:00,1833.84,1829.1026985928997
2018-04-26 15:00:00,1833.84,1754.2936197964946
2018-04-26 16:00:00,1814.4,1714.3119263705955
2018-04-26 17:00:00,1529.28,1084.818675063947
2018-04-26 18:00:00,1159.92,1552.26703362313
2018-04-26 19:00:00,1846.8,1807.8483528585657
2018-04-26 20:00:00,1905.12,1895.8295212549815
2018-04-26 21:00:00,1924.56,1873.9409123595362
2018-04-26 22:00:00,1898.64,2037.3510997204974
2018-04-26 23:00:00,1892.16,1921.407639690217
2018-04-27 00:00:00,1879.2,1779.0693379098957
2018-04-27 01:00:00,1911.6,1961.4037856123439
2018-04-27 02:00:00,1918.08,1834.577322005141
2018-04-27 03:00:00,1872.72,1736.8732349207735
2018-04-27 04:00:00,1827.36,1793.4631126408003
2018-04-27 05:00:00,1023.84,1239.360568161359
2018-04-27 06:00:00,1231.2,1273.5582054890535
2018-04-27 07:00:00,1691.28,1740.2675135572788
2018-04-27 08:00:00,1879.2,1865.8591413831539
2018-04-27 09:00:00,1749.6,1842.943719029035
2018-04-27 10:00:00,1853.28,1808.2986602553826
2018-04-27 11:00:00,1775.52,1772.3392284021577
2018-04-27 12:00:00,1775.52,1750.0269381405606
2018-04-27 13:00:00,1892.16,1840.9956338409802
2018-04-27 14:00:00,1782.0,1839.273953432842
2018-04-27 15:00:00,1833.84,1794.5381757882067
2018-04-27 16:00:00,1782.0,1740.1835553699098
2018-04-27 17:00:00,1049.76,1117.0291214478952
2018-04-27 18:00:00,1464.48,1214.5947701050325
2018-04-27 19:00:00,1924.56,1945.5053495181908
2018-04-27 20:00:00,1840.32,1953.4987950086343
2018-04-27 21:00:00,1931.04,1860.35451425881
2018-04-27 22:00:00,1788.48,2029.8151069043201
2018-04-27 23:00:00,1859.76,1868.0168305096902
2018-04-28 00:00:00,1587.6,1739.160129859803
2018-04-28 01:00:00,1924.56,1787.5328710663287
2018-04-28 02:00:00,1697.76,1791.4635175779922
2018-04-28 03:00:00,1561.68,1561.499637278847
2018-04-28 04:00:00,784.08,1577.239123566734
2018-04-28 05:00:00,648.0,514.496386611376
2018-04-28 06:00:00,628.56,882.5858813629703
2018-04-28 07:00:00,576.72,1178.1081968295005
2018-04-28 08:00:00,486.0,1020.7920984084395
2018-04-28 09:00:00,285.12,716.1630812550113
2018-04-28 10:00:00,265.68,571.3774928397143
2018-04-28 11:00:00,272.16,436.89398423838315
2018-04-28 12:00:00,272.16,369.63583055778656
2018-04-28 13:00:00,265.68,388.66671685470953
2018-04-28 14:00:00,265.68,297.15097015700655
2018-04-28 15:00:00,259.2,303.0915467575358
2018-04-28 16:00:00,272.16,199.35511157288107
2018-04-28 17:00:00,272.16,0.0
2018-04-28 18:00:00,278.64,229.82026141086976
2018-04-28 19:00:00,259.2,715.6019826190366
2018-04-28 20:00:00,155.52,435.8010446091116
2018-04-28 21:00:00,110.16,300.5963398087685
2018-04-28 22:00:00,97.2,329.70976384048515
2018-04-28 23:00:00,103.68,224.55858965014116
2018-04-29 00:00:00,97.2,3.911617310367575
2018-04-29 01:00:00,97.2,258.23285459497436
2018-04-29 02:00:00,103.68,26.2753337146994
2018-04-29 03:00:00,97.2,0.0
2018-04-29 04:00:00,97.2,0.0
2018-04-29 05:00:00,97.2,0.0
2018-04-29 06:00:00,103.68,5.797710067325298
2018-04-29 07:00:00,90.72,358.1166646606262
2018-04-29 08:00:00,90.72,298.7456238253903
2018-04-29 09:00:00,97.2,123.60931958906401
2018-04-29 10:00:00,90.72,152.3489849390465
2018-04-29 11:00:00,97.2,113.30119575043014
2018-04-29 12:00:00,90.72,88.75882739824459
2018-04-29 13:00:00,97.2,120.23070679532816
2018-04-29 14:00:00,90.72,83.0076982020953
2018-04-29 15:00:00,90.72,87.06035065170273
2018-04-29 16:00:00,97.2,11.093673836057093
2018-04-29 17:00:00,90.72,0.0
2018-04-29 18:00:00,97.2,25.612329349892732
2018-04-29 19:00:00,90.72,469.8617212244478
2018-04-29 20:00:00,110.16,234.19840076408656
2018-04-29 21:00:00,272.16,166.86097463271793
2018-04-29 22:00:00,609.12,371.39703685610124
2018-04-29 23:00:00,589.68,502.4876760800279
2018-04-30 00:00:00,505.44,376.54975391883335
2018-04-30 01:00:00,362.88,563.2119973807969
2018-04-30 02:00:00,810.0,321.1299450542856
2018-04-30 03:00:00,1023.84,477.92474627690854
2018-04-30 04:00:00,803.52,769.0589394266153
2018-04-30 05:00:00,887.76,235.8598231942417
2018-04-30 06:00:00,933.12,770.0658282487677
2018-04-30 07:00:00,1704.24,1157.2753875167214
2018-04-30 08:00:00,1749.6,1593.8815884890303
2018-04-30 09:00:00,1827.36,1568.8876550932862
2018-04-30 10:00:00,1691.28,1700.43413065076
2018-04-30 11:00:00,1652.4,1638.5576641845728
2018-04-30 12:00:00,1270.08,1608.9415378381816
2018-04-30 13:00:00,1516.32,1424.853329441215
2018-04-30 14:00:00,1308.96,1493.2170640859936
2018-04-30 15:00:00,1334.88,1379.1153926279767
2018-04-30 16:00:00,1555.2,1295.1908018266042
2018-04-30 17:00:00,913.68,859.6776988310093
2018-04-30 18:00:00,1017.36,1058.8848746107312
2018-04-30 19:00:00,1632.96,1497.590541406979
2018-04-30 20:00:00,1645.92,1622.61661302695
2018-04-30 21:00:00,1328.4,1621.9679481864202
2018-04-30 22:00:00,1684.8,1598.639496668239
2018-04-30 23:00:00,1658.88,1671.2574511397718
2018-05-01 00:00:00,1574.64,1503.5556329034748
2018-05-01 01:00:00,874.8,1655.7727734651285
2018-05-01 02:00:00,1030.32,1133.444967849874
2018-05-01 03:00:00,1127.52,1032.5245519534244
2018-05-01 04:00:00,1347.84,1110.7313881809473
2018-05-01 05:00:00,1315.44,793.1155399361426
2018-05-01 06:00:00,1334.88,1253.464319036126
2018-05-01 07:00:00,1749.6,1710.7494703766179
2018-05-01 08:00:00,1827.36,1858.4890477412102
2018-05-01 09:00:00,1892.16,1793.401178923617
2018-05-01 10:00:00,1911.6,1851.2581832666922
2018-05-01 11:00:00,1846.8,1856.4048011238567
2018-05-01 12:00:00,1833.84,1763.0569020229775
2018-05-01 13:00:00,1879.2,1863.0773714541929
2018-05-01 14:00:00,1859.76,1811.6559954540685
2018-05-01 15:00:00,1736.64,1836.9898793734467
2018-05-01 16:00:00,1626.48,1719.2820424065453
2018-05-01 17:00:00,1483.92,983.6735620204148
2018-05-01 18:00:00,1205.28,1507.1715428507068
2018-05-01 19:00:00,1989.36,1830.0194568025568
2018-05-01 20:00:00,1600.56,1987.1857672771894
2018-05-01 21:00:00,1872.72,1676.1501679285848
2018-05-01 22:00:00,1905.12,2002.4281156111856
2018-05-01 23:00:00,1775.52,1919.8966130232857
2018-05-02 00:00:00,1594.08,1680.942286225376
2018-05-02 01:00:00,1989.36,1679.5047335149989
2018-05-02 02:00:00,1859.76,1805.7345200647112
2018-05-02 03:00:00,1956.96,1665.002771689836
2018-05-02 04:00:00,1671.84,1867.283454325433
2018-05-02 05:00:00,952.56,1233.554978908518
2018-05-02 06:00:00,1244.16,1241.0411353385223
2018-05-02 07:00:00,1807.92,1709.2237399613718
2018-05-02 08:00:00,1827.36,1938.0029892665489
2018-05-02 09:00:00,1918.08,1828.2999234031024
2018-05-02 10:00:00,1937.52,1912.0880313537643
2018-05-02 11:00:00,1879.2,1896.7633564922967
2018-05-02 12:00:00,1846.8,1852.8041811675844
2018-05-02 13:00:00,1885.68,1882.1992340070544
2018-05-02 14:00:00,1969.92,1857.6991963961532
2018-05-02 15:00:00,1730.16,1906.363334819544
2018-05-02 16:00:00,1807.92,1692.6578451800615
2018-05-02 17:00:00,1503.36,1157.7790919545087
2018-05-02 18:00:00,1082.16,1513.307822128902
2018-05-02 19:00:00,965.52,1791.9553547339376
2018-05-02 20:00:00,1859.76,1314.7259545294983
2018-05-02 21:00:00,1969.92,1769.136237225833
2018-05-02 22:00:00,2015.28,1981.900131838998
2018-05-02 23:00:00,1775.52,1942.5006837757098
2018-05-03 00:00:00,1762.56,1655.0191826103835
2018-05-03 01:00:00,2054.16,1913.1399260422872
2018-05-03 02:00:00,1794.96,1875.186486288238
2018-05-03 03:00:00,1645.92,1666.2240198770412
2018-05-03 04:00:00,1872.72,1630.7691253161006
2018-05-03 05:00:00,1347.84,1213.8390186283877
2018-05-03 06:00:00,1276.56,1471.055857026013
2018-05-03 07:00:00,1956.96,1779.1751335218971
2018-05-03 08:00:00,1911.6,2053.133780487212
2018-05-03 09:00:00,1840.32,1920.7432424016122
2018-05-03 10:00:00,1807.92,1902.4725642663884
2018-05-03 11:00:00,1807.92,1835.3340466567267
2018-05-03 12:00:00,1594.08,1802.9115068851913
2018-05-03 13:00:00,1853.28,1715.4157453840917
2018-05-03 14:00:00,2008.8,1812.3868300135948
2018-05-03 15:00:00,1982.88,1888.1718217711975
2018-05-03 16:00:00,1956.96,1852.0313814189092
2018-05-03 17:00:00,1801.44,1255.0792831795893
2018-05-03 18:00:00,1296.0,1702.8042035805547
2018-05-03 19:00:00,2028.24,1849.2568499969975
2018-05-03 20:00:00,2060.64,2143.7208323346586
2018-05-03 21:00:00,1788.48,2074.6983028422715
2018-05-03 22:00:00,2015.28,2030.6306799890428
2018-05-03 23:00:00,1918.08,2014.6676804850752
2018-05-04 00:00:00,1866.24,1818.6206040397835
2018-05-04 01:00:00,2086.56,2026.5242193200038
2018-05-04 02:00:00,1911.6,1928.7598560555439
2018-05-04 03:00:00,2067.12,1737.1535437184766
2018-05-04 04:00:00,1956.96,1978.6967972246098
2018-05-04 05:00:00,1594.08,1385.1803918609069
2018-05-04 06:00:00,1237.68,1657.5740305382124
2018-05-04 07:00:00,1574.64,1841.5007978710405
2018-05-04 08:00:00,1963.44,1861.6731639274549
2018-05-04 09:00:00,2034.72,1915.1944726547379
2018-05-04 10:00:00,1995.84,2000.6868704179174
2018-05-04 11:00:00,2080.08,1969.1970055061129
2018-05-04 12:00:00,1950.48,1977.9187236304854
2018-05-04 13:00:00,2054.16,2008.611232169972
2018-05-04 14:00:00,1995.84,2031.6991297415032
2018-05-04 15:00:00,2054.16,1997.1618981153786
2018-05-04 16:00:00,1114.56,1952.5130277739358
2018-05-04 17:00:00,622.08,816.6225609358949
2018-05-04 18:00:00,576.72,915.5359230780666
2018-05-04 19:00:00,667.44,1336.6456201780816
2018-05-04 20:00:00,725.76,1030.0019843265807
2018-05-04 21:00:00,719.28,883.1086506472135
2018-05-04 22:00:00,764.64,995.539202865484
2018-05-04 23:00:00,725.76,870.2352200359592
2018-05-05 00:00:00,673.92,666.3587784432744
2018-05-05 01:00:00,641.52,854.0812703952222
2018-05-05 02:00:00,615.6,610.4008042622306
2018-05-05 03:00:00,596.16,507.9343964286267
2018-05-05 04:00:00,563.76,565.4680585175204
2018-05-05 05:00:00,557.28,36.54652905921614
2018-05-05 06:00:00,563.76,466.0902490587183
2018-05-05 07:00:00,531.36,884.2822749654433
2018-05-05 08:00:00,505.44,839.2631266673428
2018-05-05 09:00:00,362.88,636.3031966706724
2018-05-05 10:00:00,356.4,529.8025526395447
2018-05-05 11:00:00,362.88,467.5103907592361
2018-05-05 12:00:00,369.36,393.88612096854627
2018-05-05 13:00:00,349.92,442.4174163880665
2018-05-05 14:00:00,356.4,363.83984434089285
2018-05-05 15:00:00,330.48,377.1422719393279
2018-05-05 16:00:00,336.96,149.10411439888082
2018-05-05 17:00:00,349.92,0.0
2018-05-05 18:00:00,317.52,218.5354961133103
2018-05-05 19:00:00,317.52,675.0808426038384
2018-05-05 20:00:00,285.12,466.8650591012299
2018-05-05 21:00:00,142.56,364.9524567002799
2018-05-05 22:00:00,116.64,384.0237884462529
2018-05-05 23:00:00,123.12,241.04406942827063
2018-05-06 00:00:00,116.64,56.91451763136994
2018-05-06 01:00:00,116.64,240.36984785075748
2018-05-06 02:00:00,123.12,63.82545551943195
2018-05-06 03:00:00,123.12,0.0
2018-05-06 04:00:00,162.0,62.801947231988706
2018-05-06 05:00:00,200.88,0.0
2018-05-06 06:00:00,233.28,122.85665571123369
2018-05-06 07:00:00,226.8,488.59646892506373
2018-05-06 08:00:00,239.76,439.08788460125027
2018-05-06 09:00:00,252.72,277.3069738136601
2018-05-06 10:00:00,252.72,306.8495345149463
2018-05-06 11:00:00,278.64,271.9064877141089
2018-05-06 12:00:00,285.12,259.64990605610564
2018-05-06 13:00:00,317.52,301.8609787603799
2018-05-06 14:00:00,291.6,285.72869066114094
2018-05-06 15:00:00,272.16,279.72648019325896
2018-05-06 16:00:00,311.04,194.3322482927444
2018-05-06 17:00:00,336.96,0.0
2018-05-06 18:00:00,570.24,243.31502735028334
2018-05-06 19:00:00,641.52,835.889565885505
2018-05-06 20:00:00,641.52,691.1924743490472
2018-05-06 21:00:00,648.0,625.1473186545047
2018-05-06 22:00:00,822.96,760.1347555798078
2018-05-06 23:00:00,1263.6,788.1427529327872
2018-05-07 00:00:00,881.28,921.5704091660949
2018-05-07 01:00:00,680.4,964.0864957942744
2018-05-07 02:00:00,576.72,681.5920227598281
2018-05-07 03:00:00,524.88,494.8631920722193
2018-05-07 04:00:00,1341.36,550.2681789362312
2018-05-07 05:00:00,1931.04,569.5906889357057
2018-05-07 06:00:00,1043.28,1470.8125414878214
2018-05-07 07:00:00,2138.4,1397.3226171019837
2018-05-07 08:00:00,2766.96,1990.4375782439852
2018-05-07 09:00:00,3356.64,2333.297935533747
2018-05-07 10:00:00,2436.48,2853.5386772594416
2018-05-07 11:00:00,3149.28,2434.4976757843833
2018-05-07 12:00:00,3149.28,2845.294210290625
2018-05-07 13:00:00,3052.08,2978.5555109021284
2018-05-07 14:00:00,2857.68,2935.373556264037
2018-05-07 15:00:00,3408.48,2855.3986165173364
2018-05-07 16:00:00,2695.68,3117.7601490218904
2018-05-07 17:00:00,1607.04,2203.96778748435
2018-05-07 18:00:00,1581.12,2088.8129401339975
2018-05-07 19:00:00,2494.8,2343.723603246326
2018-05-07 20:00:00,2663.28,2558.681129119828
2018-05-07 21:00:00,2255.04,2609.1062715469275
2018-05-07 22:00:00,2909.52,2524.6393711271503
2018-05-07 23:00:00,3142.8,2845.744553543037
2018-05-08 00:00:00,1717.2,2794.5525241137702
2018-05-08 01:00:00,2650.32,2192.874565195698
2018-05-08 02:00:00,3142.8,2471.2695750665034
2018-05-08 03:00:00,2585.52,2700.187858277295
2018-05-08 04:00:00,3052.08,2666.870733450631
2018-05-08 05:00:00,848.88,2500.679100786807
2018-05-08 06:00:00,1613.52,1490.5859879633276
2018-05-08 07:00:00,3434.4,2264.1364311757384
2018-05-08 08:00:00,2650.32,3244.9417023442156
2018-05-08 09:00:00,2831.76,2795.806720282533
2018-05-08 10:00:00,3142.8,2741.834134318341
2018-05-08 11:00:00,3272.4,3072.3099526505553
2018-05-08 12:00:00,2630.88,3121.6927200567425
2018-05-08 13:00:00,3337.2,2800.670551375726
2018-05-08 14:00:00,2579.04,3122.7351531125705
2018-05-08 15:00:00,3382.56,2814.051815442942
2018-05-08 16:00:00,2384.64,3032.7831482707925
2018-05-08 17:00:00,751.68,1845.854933027657
2018-05-08 18:00:00,1483.92,1423.9954796176867
2018-05-08 19:00:00,2734.56,2203.0852958190253
2018-05-08 20:00:00,2961.36,2625.2629099589208
2018-05-08 21:00:00,2475.36,2702.2077690065526
2018-05-08 22:00:00,3045.6,2715.176057215105
2018-05-08 23:00:00,3039.12,2948.2496876877876
2018-05-09 00:00:00,2494.8,2628.8558625840406
2018-05-09 01:00:00,2903.04,2775.4645725894843
2018-05-09 02:00:00,2669.76,2830.3948595233906
2018-05-09 03:00:00,2287.44,2493.9149829211383
2018-05-09 04:00:00,2391.12,2459.386879560273
2018-05-09 05:00:00,1678.32,1685.0420304395152
2018-05-09 06:00:00,1613.52,1959.0941342585122
2018-05-09 07:00:00,2345.76,2374.2776911519004
2018-05-09 08:00:00,2559.6,2441.1497089590407
2018-05-09 09:00:00,2831.76,2512.979180979443
2018-05-09 10:00:00,3045.6,2752.893820010372
2018-05-09 11:00:00,2783.0,2895.4672066067783
2018-05-09 12:00:00,2974.32,2667.8586759458226
2018-05-09 13:00:00,3337.2,2975.2594896234828
2018-05-09 14:00:00,3142.8,3032.5180229390276
2018-05-09 15:00:00,3324.24,3152.2711311882163
2018-05-09 16:00:00,2501.28,3012.4964102022823
2018-05-09 17:00:00,1723.68,1857.7227314551642
2018-05-09 18:00:00,1704.24,2111.4081450884923
2018-05-09 19:00:00,2391.12,2537.963507960145
2018-05-09 20:00:00,3427.92,2576.6395376377764
2018-05-09 21:00:00,2242.08,3040.553171013077
2018-05-09 22:00:00,2397.6,2661.419464057015
2018-05-09 23:00:00,2397.6,2558.3844355507395
2018-05-10 00:00:00,2948.4,2288.0884925212927
2018-05-10 01:00:00,2844.72,2903.6598840674365
2018-05-10 02:00:00,2611.44,2672.5830703210568
2018-05-10 03:00:00,2954.88,2418.1805099651183
2018-05-10 04:00:00,2520.72,2775.3756707646075
2018-05-10 05:00:00,1542.24,1993.8567364735945
2018-05-10 06:00:00,1814.4,1882.282745328674
2018-05-10 07:00:00,3065.04,2373.4963742648224
2018-05-10 08:00:00,3162.24,2992.2949360150783
2018-05-10 09:00:00,3466.8,3018.7083725432317
2018-05-10 10:00:00,3337.2,3292.1091535820087
2018-05-10 11:00:00,3434.4,3206.9670322952
2018-05-10 12:00:00,2449.44,3317.990134364959
2018-05-10 13:00:00,2559.6,2833.7547723665402
2018-05-10 14:00:00,2903.04,2706.3184831960525
2018-05-10 15:00:00,3265.92,2909.2553643280107
2018-05-10 16:00:00,2805.84,2926.4274885356635
2018-05-10 17:00:00,777.6,2107.1206063607224
2018-05-10 18:00:00,2268.0,1484.6857120285117
2018-05-10 19:00:00,2877.12,2685.130890566352
2018-05-10 20:00:00,2870.64,2937.006084816925
2018-05-10 21:00:00,2779.92,2678.165478413229
2018-05-10 22:00:00,3544.56,2877.5573095537225
2018-05-10 23:00:00,2890.08,3261.2210919563418
2018-05-11 00:00:00,2980.8,2877.0109070368635
2018-05-11 01:00:00,2300.4,3071.370930458441
2018-05-11 02:00:00,3026.16,2468.1878294384383
2018-05-11 03:00:00,2844.72,2788.4188752948144
2018-05-11 04:00:00,3576.96,2739.4251399520344
2018-05-11 05:00:00,1380.24,2628.7644206009472
2018-05-11 06:00:00,1574.64,1963.0931184161477
2018-05-11 07:00:00,3013.2,2389.1095484918733
2018-05-11 08:00:00,2812.32,3006.460239052331
2018-05-11 09:00:00,2326.32,2841.1812568239784
2018-05-11 10:00:00,2546.64,2533.7947415545814
2018-05-11 11:00:00,3175.2,2604.4334811200088
2018-05-11 12:00:00,1723.68,2808.014537716521
2018-05-11 13:00:00,3214.08,2131.776447932109
2018-05-11 14:00:00,2961.36,2917.228366154414
2018-05-11 15:00:00,2352.24,2898.672406694304
2018-05-11 16:00:00,2844.72,2386.4409521308007
2018-05-11 17:00:00,946.08,1847.564306555378
2018-05-11 18:00:00,1814.4,1649.0261620422066
2018-05-11 19:00:00,2669.76,2402.369725111762
2018-05-11 20:00:00,3363.12,2615.966562128842
2018-05-11 21:00:00,3233.52,3003.0969051371558
2018-05-11 22:00:00,3440.88,3269.6253359724697
2018-05-11 23:00:00,3304.8,3221.328596634592
2018-05-12 00:00:00,2702.16,3098.3404756288155
2018-05-12 01:00:00,3531.6,2871.095800007544
2018-05-12 02:00:00,2922.48,3312.8348090363297
2018-05-12 03:00:00,1302.48,2834.0718211081207
2018-05-12 04:00:00,835.92,2041.6653783606123
2018-05-12 05:00:00,667.44,730.1688072736838
2018-05-12 06:00:00,596.16,1074.7731854020644
2018-05-12 07:00:00,447.12,1424.0139604655287
2018-05-12 08:00:00,259.2,1024.511746125866
2018-05-12 09:00:00,265.68,592.8663596330343
2018-05-12 10:00:00,265.68,568.5258881423789
2018-05-12 11:00:00,265.68,533.6895355401384
2018-05-12 12:00:00,259.2,203.97375561880017
2018-05-12 13:00:00,265.68,516.2913019044336
2018-05-12 14:00:00,285.12,312.37547419896214
2018-05-12 15:00:00,291.6,246.5677273321893
2018-05-12 16:00:00,298.08,266.83239497225384
2018-05-12 17:00:00,285.12,0.0
2018-05-12 18:00:00,291.6,250.1267841014212
2018-05-12 19:00:00,285.12,765.5782469553392
2018-05-12 20:00:00,246.24,575.082025365844
2018-05-12 21:00:00,155.52,377.70422601926975
2018-05-12 22:00:00,116.64,443.9277508820743
2018-05-12 23:00:00,123.12,258.13385298508706
2018-05-13 00:00:00,116.64,0.0
2018-05-13 01:00:00,116.64,335.8560764623403
2018-05-13 02:00:00,116.64,20.655887130331394
2018-05-13 03:00:00,116.64,0.0
2018-05-13 04:00:00,116.64,0.0
2018-05-13 05:00:00,116.64,0.0
2018-05-13 06:00:00,116.64,0.0
2018-05-13 07:00:00,110.16,343.57276611906764
2018-05-13 08:00:00,110.16,280.36766887202816
2018-05-13 09:00:00,110.16,153.77695090197483
2018-05-13 10:00:00,103.68,166.62768858642403
2018-05-13 11:00:00,110.16,129.7211488630859
2018-05-13 12:00:00,110.16,94.59680543974008
2018-05-13 13:00:00,110.16,143.43928229140607
2018-05-13 14:00:00,103.68,99.38733714178579
2018-05-13 15:00:00,110.16,106.2307752460889
2018-05-13 16:00:00,110.16,25.547700786759393
2018-05-13 17:00:00,110.16,0.0
2018-05-13 18:00:00,103.68,40.53272129033779
2018-05-13 19:00:00,110.16,477.6842085312659
2018-05-13 20:00:00,110.16,263.34465626532875
2018-05-13 21:00:00,168.48,165.7947688767673
2018-05-13 22:00:00,291.6,311.5398083604241
2018-05-13 23:00:00,1425.6,297.82008075135144
2018-05-14 00:00:00,959.04,836.9902703140385
2018-05-14 01:00:00,511.92,905.8611306989632
2018-05-14 02:00:00,563.76,516.8865431935184
2018-05-14 03:00:00,563.76,420.1758556581301
2018-05-14 04:00:00,1017.36,524.6114533362804
2018-05-14 05:00:00,2261.52,334.5353591497337
2018-05-14 06:00:00,2164.32,1601.7410003173184
2018-05-14 07:00:00,2306.88,2079.8361139177237
2018-05-14 08:00:00,2656.8,2222.6315091023507
2018-05-14 09:00:00,1632.96,2379.2628343901283
2018-05-14 10:00:00,2118.96,1868.8905338197314
2018-05-14 11:00:00,2261.52,2076.775524375804
2018-05-14 12:00:00,1438.56,2146.0908348317944
2018-05-14 13:00:00,1976.4,1724.730749268765
2018-05-14 14:00:00,2313.36,1926.0478872468682
2018-05-14 15:00:00,1159.92,2154.760937640759
2018-05-14 16:00:00,2144.88,1418.765962783994
2018-05-14 17:00:00,706.32,1359.3045268317715
2018-05-14 18:00:00,1678.32,1097.432221428919
2018-05-14 19:00:00,3421.44,1987.4670325604845
2018-05-14 20:00:00,3188.16,2852.9168670053364
2018-05-14 21:00:00,2825.28,2855.33992923616
2018-05-14 22:00:00,3544.56,2880.848348314699
2018-05-14 23:00:00,3227.04,3401.69318229469
2018-05-15 00:00:00,2812.32,2998.5868208678803
2018-05-15 01:00:00,3181.68,2945.360886127771
2018-05-15 02:00:00,3071.52,3019.986290908338
2018-05-15 03:00:00,3194.64,2874.7036834443024
2018-05-15 04:00:00,2792.88,3131.256329011153
2018-05-15 05:00:00,680.4,2579.6621846214593
2018-05-15 06:00:00,1535.76,1598.9781622896637
2018-05-15 07:00:00,3252.96,2190.4264560144247
2018-05-15 08:00:00,2423.52,3102.038875553164
2018-05-15 09:00:00,2566.08,2411.3775929607955
2018-05-15 10:00:00,3078.0,2634.621404442355
2018-05-15 11:00:00,2760.48,2908.6512720928563
2018-05-15 12:00:00,2378.16,2621.737062432793
2018-05-15 13:00:00,3129.84,2580.4899141603632
2018-05-15 14:00:00,2391.12,2962.352149277513
2018-05-15 15:00:00,1600.56,2404.0899617060713
2018-05-15 16:00:00,3103.92,2014.7081945451878
2018-05-15 17:00:00,1976.4,1990.6138730552411
2018-05-15 18:00:00,1594.08,2207.35993722615
2018-05-15 19:00:00,2741.04,2517.6125533362892
2018-05-15 20:00:00,2728.08,2730.131843839781
2018-05-15 21:00:00,2786.4,2646.8165570149877
2018-05-15 22:00:00,3272.4,2947.3486674780875
2018-05-15 23:00:00,2235.6,3077.4363632377563
2018-05-16 00:00:00,2579.04,2317.2258006770744
2018-05-16 01:00:00,3350.16,2735.161495469372
2018-05-16 02:00:00,3376.08,2992.9455960900746
2018-05-16 03:00:00,2922.48,3014.1709845377845
2018-05-16 04:00:00,3330.72,2852.388123056123
2018-05-16 05:00:00,1328.4,2381.4994503357552
2018-05-16 06:00:00,1561.68,1956.2319788080877
2018-05-16 07:00:00,2572.56,2432.9191268544746
2018-05-16 08:00:00,3518.64,2627.343799832788
2018-05-16 09:00:00,3026.16,3153.2675919621684
2018-05-16 10:00:00,2766.96,3058.5816024599635
2018-05-16 11:00:00,2086.56,2812.501417967297
2018-05-16 12:00:00,2663.28,2314.4582224242235
2018-05-16 13:00:00,3259.44,2755.1658977737056
2018-05-16 14:00:00,2922.48,2923.943187957134
2018-05-16 15:00:00,3389.04,2750.6380576969273
2018-05-16 16:00:00,2313.36,3240.5885014192477
2018-05-16 17:00:00,758.16,1842.542081411028
2018-05-16 18:00:00,2002.32,1408.401354178561
2018-05-16 19:00:00,2384.64,2553.2872077280417
2018-05-16 20:00:00,2598.48,2468.6388941823147
2018-05-16 21:00:00,2818.8,2540.9677537584967
2018-05-16 22:00:00,2864.16,2885.8897132014927
2018-05-16 23:00:00,3188.16,2688.8020268185323
2018-05-17 00:00:00,3227.04,2879.5699079249607
2018-05-17 01:00:00,2553.12,3257.584851920364
2018-05-17 02:00:00,3291.84,2678.535900334363
2018-05-17 03:00:00,2559.6,2901.0858274848847
2018-05-17 04:00:00,2993.76,2709.87369633775
2018-05-17 05:00:00,764.64,2165.465861310588
2018-05-17 06:00:00,1134.0,1479.63271566715
2018-05-17 07:00:00,2883.6,1944.4921136365297
2018-05-17 08:00:00,3090.96,2870.338398563862
2018-05-17 09:00:00,2883.6,2813.1317820939557
2018-05-17 10:00:00,2792.88,2787.3024111772443
2018-05-17 11:00:00,3039.12,2664.399660657189
2018-05-17 12:00:00,2805.84,2926.014121981313
2018-05-17 13:00:00,3181.68,2922.768330578096
2018-05-17 14:00:00,2442.96,3008.073580347798
2018-05-17 15:00:00,2812.32,2692.3121439632123
2018-05-17 16:00:00,2553.12,2599.896497284614
2018-05-17 17:00:00,1302.48,1761.295696597618
2018-05-17 18:00:00,1451.52,1846.2865095904656
2018-05-17 19:00:00,3071.52,2192.668245632686
2018-05-17 20:00:00,2734.56,2861.558469745033
2018-05-17 21:00:00,3220.56,2703.2226137706343
2018-05-17 22:00:00,3090.96,3136.3985870204083
2018-05-17 23:00:00,3337.2,3077.892454518916
2018-05-18 00:00:00,3181.68,3077.638928907405
2018-05-18 01:00:00,3453.84,3141.3383307025406
2018-05-18 02:00:00,3317.76,3312.586848897462
2018-05-18 03:00:00,1587.6,3019.4555198420103
2018-05-18 04:00:00,1140.48,2209.2924030378067
2018-05-18 05:00:00,784.08,948.4907719916962
2018-05-18 06:00:00,706.32,1231.8573778400605
2018-05-18 07:00:00,790.56,1603.0313900801548
2018-05-18 08:00:00,777.6,1363.1223731198766
2018-05-18 09:00:00,764.64,1057.2483551177932
2018-05-18 10:00:00,738.72,987.9362401644781
2018-05-18 11:00:00,725.76,922.0529722597677
